Source,Target,Weight
Muhtashim Ahmad Ashai,Yousaf Hussain,2
Jamal Nasir Khan,Syed Muhammad Daniyal,2
Syed Muhammad Daniyal,Yousuf Mirza,2
Kamran Arshad Inam,Syed Muhammad Daniyal,2
Azfar Arshad,Yousuf Mirza,2
Faheem Haider,Zain ul Haq Qureshi,2
Muhammad Ejaz,Shahid Ali Habib,2
Jamal Nasir Khan,Yousuf Mirza,2
Azfar Arshad,Syed Muhammad Daniyal,2
Faheem Haider,Navid Fazil,2
Khawaja Khalil Shah,Muhammad Bilal Ahmed,2
Shahab Qader Khan,Yousaf Hussain,2
Ghazanfar Baber Siddiqi,Hassan Raza,2
Amir R. Paracha,Syed Masood Abbas Jaffery,2
Ali Asghar Jamali,Javed Ahmedjee,2
Muhtashim Ahmad Ashai,Shahab Qader Khan,2
Azfar Arshad,Jamal Nasir Khan,2
Jamal Nasir Khan,Kamran Arshad Inam,2
Irfan Chawala,Khursheed Anwer Jamal,2
Kamran Arshad Inam,Yousuf Mirza,2
Azfar Arshad,Kamran Arshad Inam,2
Amer Tufail,Khursheed Anwer Jamal,2
Amer Tufail,Irfan Chawala,2
Muhammad Bilal Ahmed,Muhammad Nauman Chughtai,2
Muhammad Asif,Muhammad Mohtashim Aftab,2
Asif Peer,Muhammad Ejaz,2
Asif Peer,Shahid Ali Habib,2
Khawaja Khalil Shah,Muhammad Nauman Chughtai,2
Moin Ur Rehman,Muhammad Ehtisham Khan,1
Mahmood Akhtar,Sheraz Khan,1
Mohammed Yasin Fecto,Syed Ali Akbar,1
Masroor Ahmad Khan,Samera Irfan Shaikh,1
Masroor Ahmad Khan,Salim Ullah Ghauri,1
Masroor Ahmad Khan,Rizwan Ahmad,1
Masroor Ahmad Khan,Nazish Ali (Acting),1
Masroor Ahmad Khan,Naveed Riaz,1
Masroor Ahmad Khan,Muhammad Zahid,1
Masroor Ahmad Khan,Muhammad Mohtashim Aftab,1
Masroor Ahmad Khan,Muhammad Imran Malik,1
Moin Ur Rehman,Muhammad Aminuddin,1
Moin Ur Rehman,Muhammad Rizwan ul Haque,1
Masroor Ahmad Khan,Muhammad Asif,1
Moin Ur Rehman,Muhammad Ejaz,1
Masroor Ahmad Khan,Muhammad Akram Shahid,1
Masroor Ahmad Khan,Muhammad Adrees,1
Mahmood Akhtar,Usman Zaheer Ahmad,1
Mahmood Akhtar,Tayyab Aijaz,1
Mahmood Akhtar,Shuaib Anwar Malik,1
Masroor Ahmad Khan,Sayeed Tariq Saigol,1
Mohammed Ali Ahmed,Syed Jarar Haider Kazmi,1
Masroor Ahmad Khan,Sheraz Khan,1
Mohammed Ali Ahmed,Syed Anis Ahmed,1
Mohammed Ali Ahmed,Shaikh Muhammad Tanveer,1
Mohammed Ali Ahmed,Sajjad Iftikhar,1
Mohammed Ali Ahmed,Rashid Jahangir (Acting),1
Mohammed Ali Ahmed,Teizoon Kisat,1
Mohammed Ali Ahmed,Mustafa Jafar,1
Mohammed Ali Ahmed,Muhammad Kashif A. Habib,1
Mohammed Ali Ahmed,Muhammad Farid Alam,1
Mohammed Ali Ahmed,Muhammad Amin Rajput,1
Mohammed Ali Ahmed,Muhammad Ali Zeb,1
Mohammad Baig,Zain ul Haq Qureshi,1
Mohammad Baig,Syed Sheharyar Ali,1
Mohammad Alamgir Jmail Khan,Zia Hyder Naqi,1
Mian Umer Mansha,Shayan Abdullah,1
Mian Umer Mansha,Shahzad Ahmed,1
Mahmood Akhtar,Sayeed Tariq Saigol,1
Mian Umer Mansha,Samir M. Chinoy,1
Matin Amjad,Muhammad Ali Jameel,1
Mohammed Ali Ahmed,Zia Ijaz,1
Mohammed Ali Ahmed,Zubair Razzak Palwala,1
Masroor Ahmad Khan,Usman Zaheer Ahmad,1
Mohammed Ali Ahmed,Zubair Shaikh,1
Masroor Ahmad Khan,Tayyab Aijaz,1
Masroor Ahmad Khan,Shuaib Anwar Malik,1
Mohammed Yasin Fecto,Muhammad Faisal Muzammil,1
Aamir Fayyaz Sheikh,Asad Hasan,1
Mahmood Akhtar,Samera Irfan Shaikh,1
Mahmood Akhtar,Salim Ullah Ghauri,1
Khursheed Anwer Jamal,Mustafa Jafar,1
Khursheed Anwer Jamal,Muhammad Kashif A. Habib,1
Khursheed Anwer Jamal,Muhammad Farid Alam,1
Khursheed Anwer Jamal,Muhammad Amin Rajput,1
Khursheed Anwer Jamal,Muhammad Ali Zeb,1
Khursheed Anwer Jamal,Mohammed Ali Ahmed,1
Khurrum Salim,Sayeed Tariq Saigol,1
Khurrum Salim,Najam Aziz Sethi,1
Khurrum Salim,Khursheed Anwer Jamal,1
Khurram Shahzad Khan,Zia Hyder Naqi,1
Khurram Shahzad Khan,Zahid Mir,1
Khurram Shahzad Khan,Yousaf Hussain,1
Khurram Shahzad Khan,Taqi Mohammad,1
Khurram Shahzad Khan,Shazad Ali Khan,1
Khurram Shahzad Khan,Shahab Qader Khan,1
Khurram Shahzad Khan,Raheel Qamar Ahmad,1
Khurram Shahzad Khan,Numan Noor,1
Khurram Shahzad Khan,Navid Fazil,1
Khurram Shahzad Khan,Muhtashim Ahmad Ashai,1
Khurram Shahzad Khan,Muhammad Irfan-ul-Haq,1
Khawar Anwar Khawaja,Zia Hyder Naqi,1
Khawar Anwar Khawaja,Zahid Mir,1
Khawar Anwar Khawaja,Yousaf Hussain,1
Khawar Anwar Khawaja,Taqi Mohammad,1
Khawar Anwar Khawaja,Shazad Ali Khan,1
Khursheed Anwer Jamal,Najam Aziz Sethi,1
Khursheed Anwer Jamal,Rashid Jahangir (Acting),1
Khursheed Anwer Jamal,Sajjad Iftikhar,1
M. Haroon Qassim,Taha Muhammad Naseem,1
Mahmood Akhtar,Rizwan Ahmad,1
Mahmood Akhtar,Nazish Ali (Acting),1
Moin Ur Rehman,Mujtaba Ahmad,1
Mahmood Akhtar,Naveed Riaz,1
Mahmood Akhtar,Muhammad Zahid,1
Mahmood Akhtar,Muhammad Mohtashim Aftab,1
Mahmood Akhtar,Muhammad Imran Malik,1
Mahmood Akhtar,Muhammad Asif,1
Mahmood Akhtar,Muhammad Akram Shahid,1
Mahmood Akhtar,Muhammad Adrees,1
Mahmood Akhtar,Masroor Ahmad Khan,1
M. Habibullah Khan,Zain ul Haq Qureshi,1
Khursheed Anwer Jamal,Sayeed Tariq Saigol,1
M. Habibullah Khan,Syed Sheharyar Ali,1
M. Habibullah Khan,Mohammad Baig,1
M. Habibullah Khan,Mian Mustafa Ali Tariq,1
Lt Col Abdul Khaliq Khan (Retd),Raheal Masud,1
Khursheed Anwer Jamal,Zubair Shaikh,1
Khursheed Anwer Jamal,Zubair Razzak Palwala,1
Khursheed Anwer Jamal,Zia Ijaz,1
Khursheed Anwer Jamal,Teizoon Kisat,1
Khursheed Anwer Jamal,Syed Jarar Haider Kazmi,1
Khursheed Anwer Jamal,Syed Anis Ahmed,1
Khursheed Anwer Jamal,Shaikh Muhammad Tanveer,1
Moin Ur Rehman,Muhammad Shoaib Ibrahim,1
Moin Ur Rehman,Syed Masood Abbas Jaffery,1
Moin Ur Rehman,Najm-ul- Hassan,1
Muhammad Ali Zeb,Teizoon Kisat,1
Muhammad Amin Rajput,Teizoon Kisat,1
Muhammad Amin Rajput,Syed Jarar Haider Kazmi,1
Muhammad Amin Rajput,Syed Anis Ahmed,1
Muhammad Amin Rajput,Shaikh Muhammad Tanveer,1
Muhammad Amin Rajput,Sajjad Iftikhar,1
Muhammad Amin Rajput,Rashid Jahangir (Acting),1
Muhammad Amin Rajput,Mustafa Jafar,1
Muhammad Amin Rajput,Muhammad Kashif A. Habib,1
Muhammad Amin Rajput,Muhammad Farid Alam,1
Muhammad Ali Zeb,Zubair Shaikh,1
Muhammad Ali Zeb,Zubair Razzak Palwala,1
Muhammad Ali Zeb,Zia Ijaz,1
Muhammad Ali Zeb,Syed Jarar Haider Kazmi,1
Muhammad Akram Shahid,Shuaib Anwar Malik,1
Muhammad Ali Zeb,Syed Anis Ahmed,1
Muhammad Ali Zeb,Shaikh Muhammad Tanveer,1
Muhammad Ali Zeb,Sajjad Iftikhar,1
Muhammad Ali Zeb,Rashid Jahangir (Acting),1
Muhammad Ali Zeb,Mustafa Jafar,1
Muhammad Ali Zeb,Muhammad Kashif A. Habib,1
Muhammad Ali Zeb,Muhammad Farid Alam,1
Muhammad Ali Zeb,Muhammad Amin Rajput,1
Muhammad Akram Shahid,Usman Zaheer Ahmad,1
Muhammad Akram Shahid,Tayyab Aijaz,1
Muhammad Akram Shahid,Syed Masood Abbas Jaffery,1
Muhammad Akram Shahid,Syed Ather Abbas,1
Muhammad Amin Rajput,Zia Ijaz,1
Muhammad Amin Rajput,Zubair Razzak Palwala,1
Muhammad Amin Rajput,Zubair Shaikh,1
Muhammad Aminuddin,Muhammad Ehtisham Khan,1
Muhammad Asif,Samera Irfan Shaikh,1
Muhammad Asif,Salim Ullah Ghauri,1
Muhammad Asif,Rizwan Ahmad,1
Muhammad Asif,Nazish Ali (Acting),1
Muhammad Asif,Naveed Riaz,1
Muhammad Asif,Muhammad Zahid,1
Muhammad Asif,Muhammad Mohsin Ali,1
Muhammad Asif,Muhammad Imran Malik,1
Muhammad Aminuddin,Zafar Masud,1
Muhammad Aminuddin,Yousuf Mirza,1
Muhammad Aminuddin,Usman Zaheer Ahmad,1
Muhammad Aminuddin,Syed Muhammad Taha,1
Muhammad Aminuddin,Syed Muhammad Daniyal,1
Muhammad Aminuddin,Syed Masood Abbas Jaffery,1
Muhammad Aminuddin,Sohail H Hydari,1
Muhammad Aminuddin,Shahid Ali Habib,1
Muhammad Aminuddin,Shabbir Diwan,1
Muhammad Aminuddin,Rizwan Akhtar,1
Muhammad Aminuddin,Qawi Naseer,1
Muhammad Aminuddin,Nassir Salim,1
Muhammad Aminuddin,Najm-ul- Hassan,1
Muhammad Aminuddin,Mujtaba Ahmad,1
Muhammad Aminuddin,Muhammad Shoaib Ibrahim,1
Muhammad Aminuddin,Muhammad Rizwan ul Haque,1
Muhammad Aminuddin,Muhammad Ejaz,1
Muhammad Akram Shahid,Sohail Ahmed,1
Muhammad Akram Shahid,Sheraz Khan,1
Moin Ur Rehman,Nassir Salim,1
Mr. Muhammad Nadeem,Tanveer Karamat,1
Muhammad Adrees,Muhammad Imran Malik,1
Muhammad Adrees,Muhammad Asif,1
Muhammad Adrees,Muhammad Akram Shahid,1
Muhammad Adil Ali,Sarocsh Ahmed,1
Muhammad Adil Ali,Samad A. Habib,1
Mr. Munsarim Saifullah,Yousuf Mirza,1
Mr. Munsarim Saifullah,Waseem-ul-Haque Ansari,1
Mr. Munsarim Saifullah,Syed Muhammad Daniyal,1
Mr. Munsarim Saifullah,Muhammad Nauman Chughtai,1
Mr. Munsarim Saifullah,Muhammad Naeem ul Hasnain Mirza,1
Mr. Muhammad Nadeem,Zahid Mir,1
Mr. Muhammad Nadeem,Waseem-ul-Haque Ansari,1
Mr. Muhammad Nadeem,Qamar Manzoor,1
Muhammad Akram Shahid,Shahid Abdullah,1
Mr. Muhammad Nadeem,Mujtaba Ahmad,1
Moin Ur Rehman,Zafar Masud,1
Moin Ur Rehman,Yousuf Mirza,1
Moin Ur Rehman,Usman Zaheer Ahmad,1
Moin Ur Rehman,Syed Muhammad Taha,1
Moin Ur Rehman,Syed Muhammad Daniyal,1
Khawar Anwar Khawaja,Raheel Qamar Ahmad,1
Moin Ur Rehman,Sohail H Hydari,1
Moin Ur Rehman,Shahid Ali Habib,1
Moin Ur Rehman,Shabbir Diwan,1
Moin Ur Rehman,Rizwan Akhtar,1
Moin Ur Rehman,Qawi Naseer,1
Muhammad Adrees,Muhammad Irfan-ul-Haq,1
Muhammad Adrees,Muhammad Mohtashim Aftab,1
Muhammad Adrees,Muhammad Zahid,1
Muhammad Adrees,Naveed Riaz,1
Muhammad Akram Shahid,Sayeed Tariq Saigol,1
Muhammad Akram Shahid,Samera Irfan Shaikh,1
Muhammad Akram Shahid,Salim Ullah Ghauri,1
Muhammad Akram Shahid,Rizwan Ahmad,1
Muhammad Akram Shahid,Razak H. M. Bengali,1
Muhammad Akram Shahid,Noor Muhammad Zakaria,1
Muhammad Akram Shahid,Nazish Ali (Acting),1
Muhammad Akram Shahid,Naveed Riaz,1
Muhammad Akram Shahid,Naveed Godil,1
Muhammad Akram Shahid,Naved Yunus,1
Muhammad Akram Shahid,Naeem Shafi,1
Muhammad Akram Shahid,Muzaffar F. Baweja,1
Muhammad Akram Shahid,Muhammad Zahid,1
Muhammad Akram Shahid,Muhammad Mohtashim Aftab,1
Muhammad Akram Shahid,Muhammad Imran Malik,1
Muhammad Akram Shahid,Muhammad Asif,1
Muhammad Adrees,Usman Zaheer Ahmad,1
Muhammad Adrees,Tayyab Aijaz,1
Muhammad Adrees,Shuaib Anwar Malik,1
Muhammad Adrees,Sheraz Khan,1
Muhammad Adrees,Sayeed Tariq Saigol,1
Muhammad Adrees,Samera Irfan Shaikh,1
Muhammad Adrees,Salim Ullah Ghauri,1
Muhammad Adrees,Rizwan Ahmad,1
Muhammad Adrees,Nazish Ali (Acting),1
Khawar Anwar Khawaja,Shahab Qader Khan,1
Khawaja Khalil Shah,Yasir Siddique Sheikh,1
Khawar Anwar Khawaja,Numan Noor,1
Jamal Nasir Khan,Mr. Munsarim Saifullah,1
Jamal Nasir Khan,Rizwan Akhtar,1
Jamal Nasir Khan,Qawi Naseer,1
Jamal Nasir Khan,Nassir Salim,1
Jamal Nasir Khan,Najm-ul- Hassan,1
Jamal Nasir Khan,Mujtaba Ahmad,1
Jamal Nasir Khan,Muhammad Shoaib Ibrahim,1
Jamal Nasir Khan,Muhammad Rizwan ul Haque,1
Jamal Nasir Khan,Muhammad Nauman Chughtai,1
Jamal Nasir Khan,Muhammad Naeem ul Hasnain Mirza,1
Jamal Nasir Khan,Muhammad Ejaz,1
Jamal Nasir Khan,Muhammad Ehtisham Khan,1
Jamal Nasir Khan,Muhammad Aminuddin,1
Jamal Nasir Khan,Moin Ur Rehman,1
Jamal Nasir Khan,Shahid Ali Habib,1
Jamal Nasir Khan,Kashan Hasan,1
Jahangir Piracha,Zia Hyder Naqi,1
Jahangir Piracha,Zahid Mir,1
Jahangir Piracha,Yousaf Hussain,1
Jahangir Piracha,Taqi Mohammad,1
Jahangir Piracha,Shazad Ali Khan,1
Jahangir Piracha,Shahab Qader Khan,1
Jahangir Piracha,Raheel Qamar Ahmad,1
Jahangir Piracha,Numan Noor,1
Jahangir Piracha,Navid Fazil,1
Jahangir Piracha,Muhtashim Ahmad Ashai,1
Jahangir Piracha,Muhammad Irfan-ul-Haq,1
Jamal Nasir Khan,Shabbir Diwan,1
Jamal Nasir Khan,Sohail H Hydari,1
Javed Ahmedjee,Syed Jarar Haider Kazmi,1
Javed Ahmedjee,Mustafa Jafar,1
Javed Ahmedjee,Syed Anis Ahmed,1
Javed Ahmedjee,Sohail Ahmed,1
Javed Ahmedjee,Shaikh Muhammad Tanveer,1
Javed Ahmedjee,Shahid Abdullah,1
Javed Ahmedjee,Sajjad Iftikhar,1
Javed Ahmedjee,Razak H. M. Bengali,1
Javed Ahmedjee,Rashid Jahangir (Acting),1
Javed Ahmedjee,Noor Muhammad Zakaria,1
Javed Ahmedjee,Naveed Godil,1
Javed Ahmedjee,Naved Yunus,1
Javed Ahmedjee,Naeem Shafi,1
Javed Ahmedjee,Muzaffar F. Baweja,1
Javed Ahmedjee,Muhammad Kashif A. Habib,1
Jamal Nasir Khan,Syed Masood Abbas Jaffery,1
Javed Ahmedjee,Muhammad Farid Alam,1
Javed Ahmedjee,Muhammad Amin Rajput,1
Javed Ahmedjee,Muhammad Ali Zeb,1
Javed Ahmedjee,Muhammad Akram Shahid,1
Javed Ahmedjee,Mohammed Ali Ahmed,1
Javed Ahmedjee,Khursheed Anwer Jamal,1
Javed Ahmedjee,Khalid Sarfaraz Ghori,1
Javed Ahmedjee,Kamran Munir Ansari,1
Jamal Nasir Khan,Zafar Masud,1
Jamal Nasir Khan,Waseem-ul-Haque Ansari,1
Jamal Nasir Khan,Usman Zaheer Ahmad,1
Jamal Nasir Khan,Syed Muhammad Taha,1
Jahangir Piracha,Khurram Shahzad Khan,1
Jahangir Piracha,Khawar Anwar Khawaja,1
Isphanyar M. Bhandara,Zahid Mir,1
Imran Qureshi,Syed Masood Abbas Jaffery,1
Irfan Chawala,Mustafa Jafar,1
Irfan Chawala,Muhammad Kashif A. Habib,1
Irfan Chawala,Muhammad Farid Alam,1
Irfan Chawala,Muhammad Amin Rajput,1
Irfan Chawala,Muhammad Ali Zeb,1
Irfan Chawala,Mohammed Ali Ahmed,1
Irfan Chawala,Khurrum Salim,1
Irfan Chawala,Kamran Munir Ansari,1
Irfan Chawala,Javed Ahmedjee,1
Imran Qureshi,Yousuf Mirza,1
Imran Qureshi,Waseem-ul-Haque Ansari,1
Imran Qureshi,Syed Muhammad Daniyal,1
Imran Qureshi,Syed Ather Abbas,1
Isphanyar M. Bhandara,Waseem-ul-Haque Ansari,1
Imran Qureshi,Sohail Ahmed,1
Imran Qureshi,Shahid Abdullah,1
Imran Qureshi,Razak H. M. Bengali,1
Imran Qureshi,Noor Muhammad Zakaria,1
Imran Qureshi,Naveed Godil,1
Imran Qureshi,Naved Yunus,1
Imran Qureshi,Naeem Shafi,1
Imran Qureshi,Muzaffar F. Baweja,1
Imran Qureshi,Muhammad Nauman Chughtai,1
Imran Qureshi,Muhammad Naeem ul Hasnain Mirza,1
Imran Qureshi,Muhammad Akram Shahid,1
Imran Qureshi,Mr. Munsarim Saifullah,1
Irfan Chawala,Najam Aziz Sethi,1
Irfan Chawala,Rashid Jahangir (Acting),1
Irfan Chawala,Sajjad Iftikhar,1
Irfan Chawala,Sayeed Tariq Saigol,1
Isphanyar M. Bhandara,Mr. Muhammad Nadeem,1
Ishtiaq Ahmad,Syed Masood Abbas Jaffery,1
Ishtiaq Ahmad,Syed Ather Abbas,1
Ishtiaq Ahmad,Sohail Ahmed,1
Ishtiaq Ahmad,Shahid Abdullah,1
Ishtiaq Ahmad,Razak H. M. Bengali,1
Ishtiaq Ahmad,Noor Muhammad Zakaria,1
Ishtiaq Ahmad,Naveed Godil,1
Ishtiaq Ahmad,Naved Yunus,1
Ishtiaq Ahmad,Naeem Shafi,1
Ishtiaq Ahmad,Muzaffar F. Baweja,1
Ishtiaq Ahmad,Muhammad Akram Shahid,1
Ishtiaq Ahmad,Khalid Sarfaraz Ghori,1
Ishtiaq Ahmad,Javed Ahmedjee,1
Irfan Siddiqui,Zameer Mohammed Choudrey,1
Irfan Siddiqui,Syed Jarar Haider Kazmi,1
Irfan Siddiqui,Muhammad Tayyab Ahmad Tareen,1
Irfan Siddiqui,Muhammad Kamran Nasir,1
Irfan Chawala,Zubair Shaikh,1
Irfan Chawala,Zubair Razzak Palwala,1
Irfan Chawala,Zia Ijaz,1
Irfan Chawala,Teizoon Kisat,1
Irfan Chawala,Syed Jarar Haider Kazmi,1
Irfan Chawala,Syed Anis Ahmed,1
Irfan Chawala,Shaikh Muhammad Tanveer,1
Javed Ahmedjee,Syed Ather Abbas,1
Javed Ahmedjee,Syed Masood Abbas Jaffery,1
Khawar Anwar Khawaja,Navid Fazil,1
Khalid Kuli Khan Khattak,Lt Col Abdul Khaliq Khan (Retd),1
Khalid Sarfaraz Ghori,Syed Ather Abbas,1
Khalid Sarfaraz Ghori,Sohail Ahmed,1
Khalid Sarfaraz Ghori,Shahid Abdullah,1
Khalid Sarfaraz Ghori,Razak H. M. Bengali,1
Khalid Sarfaraz Ghori,Noor Muhammad Zakaria,1
Khalid Sarfaraz Ghori,Naveed Godil,1
Khalid Sarfaraz Ghori,Naved Yunus,1
Khalid Sarfaraz Ghori,Naeem Shafi,1
Khalid Sarfaraz Ghori,Muzaffar F. Baweja,1
Khalid Sarfaraz Ghori,Muhammad Akram Shahid,1
Khalid Kuli Khan Khattak,Waseem Ahmad,1
Khalid Kuli Khan Khattak,Raheal Masud,1
Kashan Hasan,Zafar Masud,1
Khawaja Imtaiz Ahmed,Mahmood Akhtar,1
Kashan Hasan,Yousuf Mirza,1
Kashan Hasan,Usman Zaheer Ahmad,1
Kashan Hasan,Syed Muhammad Taha,1
Kashan Hasan,Syed Muhammad Daniyal,1
Kashan Hasan,Syed Masood Abbas Jaffery,1
Kashan Hasan,Sohail H Hydari,1
Kashan Hasan,Shahid Ali Habib,1
Kashan Hasan,Shabbir Diwan,1
Kashan Hasan,Rizwan Akhtar,1
Kashan Hasan,Qawi Naseer,1
Kashan Hasan,Nassir Salim,1
Kashan Hasan,Najm-ul- Hassan,1
Khalid Sarfaraz Ghori,Syed Masood Abbas Jaffery,1
Khawaja Imtaiz Ahmed,Masroor Ahmad Khan,1
Javed Ahmedjee,Teizoon Kisat,1
Khawaja Imtaiz Ahmed,Tayyab Aijaz,1
Khawar Anwar Khawaja,Muhtashim Ahmad Ashai,1
Khawar Anwar Khawaja,Muhammad Irfan-ul-Haq,1
Khawar Anwar Khawaja,Khurram Shahzad Khan,1
Khawaja Khalil Shah,Yousaf Hussain,1
Muhammad Asif,Sheraz Khan,1
Khawaja Khalil Shah,Sheraz Khan,1
Khawaja Khalil Shah,Shahab Qader Khan,1
Khawaja Khalil Shah,Rizwan Ata,1
Khawaja Khalil Shah,Mussaid Hanif,1
Khawaja Khalil Shah,Muhtashim Ahmad Ashai,1
Khawaja Khalil Shah,Muhammad Jawaid Iqbal,1
Khawaja Imtaiz Ahmed,Usman Zaheer Ahmad,1
Khawaja Imtaiz Ahmed,Shuaib Anwar Malik,1
Khawaja Imtaiz Ahmed,Muhammad Adrees,1
Khawaja Imtaiz Ahmed,Sheraz Khan,1
Khawaja Imtaiz Ahmed,Sayeed Tariq Saigol,1
Khawaja Imtaiz Ahmed,Samera Irfan Shaikh,1
Khawaja Imtaiz Ahmed,Salim Ullah Ghauri,1
Khawaja Imtaiz Ahmed,Rizwan Ahmad,1
Khawaja Imtaiz Ahmed,Nazish Ali (Acting),1
Khawaja Imtaiz Ahmed,Naveed Riaz,1
Khawaja Imtaiz Ahmed,Muhammad Zahid,1
Khawaja Imtaiz Ahmed,Muhammad Mohtashim Aftab,1
Khawaja Imtaiz Ahmed,Muhammad Imran Malik,1
Khawaja Imtaiz Ahmed,Muhammad Asif,1
Khawaja Imtaiz Ahmed,Muhammad Akram Shahid,1
Kashan Hasan,Mujtaba Ahmad,1
Kashan Hasan,Muhammad Shoaib Ibrahim,1
Kashan Hasan,Muhammad Rizwan ul Haque,1
Kamran Arshad Inam,Mr. Munsarim Saifullah,1
Kamran Arshad Inam,Rizwan Akhtar,1
Kamran Arshad Inam,Qawi Naseer,1
Kamran Arshad Inam,Nassir Salim,1
Kamran Arshad Inam,Najm-ul- Hassan,1
Kamran Arshad Inam,Mujtaba Ahmad,1
Kamran Arshad Inam,Muhammad Shoaib Ibrahim,1
Kamran Arshad Inam,Muhammad Rizwan ul Haque,1
Kamran Arshad Inam,Muhammad Nauman Chughtai,1
Kamran Arshad Inam,Muhammad Naeem ul Hasnain Mirza,1
Kamran Arshad Inam,Muhammad Ejaz,1
Kamran Arshad Inam,Muhammad Ehtisham Khan,1
Kamran Arshad Inam,Muhammad Aminuddin,1
Kamran Arshad Inam,Moin Ur Rehman,1
Kashan Hasan,Muhammad Ejaz,1
Kamran Arshad Inam,Kashan Hasan,1
Kamal Mahmood Amjad Mian,Saquib H. Shirazi,1
Kamal Mahmood Amjad Mian,Osman Khalid Waheed,1
Kamal Mahmood Amjad Mian,Kamran Kamal,1
Jehanzeb Zafar,Shahid Ali Habib,1
Jehanzeb Zafar,Muhammad Ejaz,1
Jawad Majid Khan,Syed Ali Akbar,1
Jawad Majid Khan,Muhammad Faisal Muzammil,1
Jawad Majid Khan,Mohammed Yasin Fecto,1
Javed Ahmedjee,Zubair Shaikh,1
Javed Ahmedjee,Zubair Razzak Palwala,1
Javed Ahmedjee,Zia Ijaz,1
Kamran Arshad Inam,Shabbir Diwan,1
Kamran Arshad Inam,Shahid Ali Habib,1
Kamran Arshad Inam,Sohail H Hydari,1
Kamran Arshad Inam,Syed Masood Abbas Jaffery,1
Kashan Hasan,Muhammad Ehtisham Khan,1
Kashan Hasan,Muhammad Aminuddin,1
Kashan Hasan,Moin Ur Rehman,1
Kamran Munir Ansari,Zubair Shaikh,1
Kamran Munir Ansari,Zubair Razzak Palwala,1
Kamran Munir Ansari,Zia Ijaz,1
Kamran Munir Ansari,Teizoon Kisat,1
Kamran Munir Ansari,Syed Jarar Haider Kazmi,1
Kamran Munir Ansari,Syed Anis Ahmed,1
Kamran Munir Ansari,Shaikh Muhammad Tanveer,1
Kamran Munir Ansari,Sajjad Iftikhar,1
Kamran Munir Ansari,Rashid Jahangir (Acting),1
Kamran Munir Ansari,Mustafa Jafar,1
Kamran Munir Ansari,Muhammad Kashif A. Habib,1
Kamran Munir Ansari,Muhammad Farid Alam,1
Kamran Munir Ansari,Muhammad Amin Rajput,1
Kamran Munir Ansari,Muhammad Ali Zeb,1
Kamran Munir Ansari,Mohammed Ali Ahmed,1
Kamran Munir Ansari,Khursheed Anwer Jamal,1
Kamran Kamal,Saquib H. Shirazi,1
Kamran Kamal,Osman Khalid Waheed,1
Kamran Arshad Inam,Zafar Masud,1
Kamran Arshad Inam,Waseem-ul-Haque Ansari,1
Kamran Arshad Inam,Usman Zaheer Ahmad,1
Kamran Arshad Inam,Syed Muhammad Taha,1
Muhammad Asif,Sayeed Tariq Saigol,1
Muhammad Asif,Zafar Mahmood,1
Muhammad Asif,Shuaib Anwar Malik,1
Qawi Naseer,Zafar Masud,1
Rashid Jahangir (Acting),Zia Ijaz,1
Rashid Jahangir (Acting),Teizoon Kisat,1
Rashid Jahangir (Acting),Syed Jarar Haider Kazmi,1
Rashid Jahangir (Acting),Syed Anis Ahmed,1
Rashid Jahangir (Acting),Shaikh Muhammad Tanveer,1
Rashid Jahangir (Acting),Sajjad Iftikhar,1
Raheel Qamar Ahmad,Zia Hyder Naqi,1
Raheel Qamar Ahmad,Zahid Mir,1
Raheel Qamar Ahmad,Yousaf Hussain,1
Raheel Qamar Ahmad,Taqi Mohammad,1
Raheel Qamar Ahmad,Shazad Ali Khan,1
Raheel Qamar Ahmad,Shahab Qader Khan,1
Qawi Naseer,Yousuf Mirza,1
Rashid Jahangir (Acting),Zubair Shaikh,1
Qawi Naseer,Usman Zaheer Ahmad,1
Qawi Naseer,Syed Muhammad Taha,1
Qawi Naseer,Syed Muhammad Daniyal,1
Qawi Naseer,Syed Masood Abbas Jaffery,1
Qawi Naseer,Sohail H Hydari,1
Qawi Naseer,Shahid Ali Habib,1
Qawi Naseer,Shabbir Diwan,1
Qawi Naseer,Rizwan Akhtar,1
Qamar Manzoor,Tanveer Karamat,1
Osman Khalid Waheed,Saquib H. Shirazi,1
Numan Noor,Zia Hyder Naqi,1
Numan Noor,Zahid Mir,1
Rashid Jahangir (Acting),Zubair Razzak Palwala,1
Raza Mansha,Zain Ashraf Mukaty,1
Numan Noor,Taqi Mohammad,1
Rizwan Akhtar,Syed Masood Abbas Jaffery,1
Sajjad Iftikhar,Shaikh Muhammad Tanveer,1
Saif Tariq,Zulfiqar Ali Lakhani,1
Saif Tariq,Saquib H. Shirazi,1
Rizwan Ata,Yousaf Hussain,1
Rizwan Ata,Yasir Siddique Sheikh,1
Rizwan Ata,Sheraz Khan,1
Rizwan Ata,Shahab Qader Khan,1
Rizwan Akhtar,Zafar Masud,1
Rizwan Akhtar,Yousuf Mirza,1
Rizwan Akhtar,Usman Zaheer Ahmad,1
Rizwan Akhtar,Syed Muhammad Taha,1
Rizwan Akhtar,Syed Muhammad Daniyal,1
Rizwan Akhtar,Sohail H Hydari,1
Razak H. M. Bengali,Shahid Abdullah,1
Rizwan Akhtar,Shahid Ali Habib,1
Rizwan Akhtar,Shabbir Diwan,1
Rizwan Ahmad,Usman Zaheer Ahmad,1
Rizwan Ahmad,Tayyab Aijaz,1
Rizwan Ahmad,Shuaib Anwar Malik,1
Rizwan Ahmad,Sheraz Khan,1
Rizwan Ahmad,Sayeed Tariq Saigol,1
Rizwan Ahmad,Samera Irfan Shaikh,1
Rizwan Ahmad,Salim Ullah Ghauri,1
Razak H. M. Bengali,Syed Masood Abbas Jaffery,1
Razak H. M. Bengali,Syed Ather Abbas,1
Razak H. M. Bengali,Sohail Ahmed,1
Numan Noor,Yousaf Hussain,1
Numan Noor,Shazad Ali Khan,1
Sajjad Iftikhar,Syed Jarar Haider Kazmi,1
Naved Yunus,Razak H. M. Bengali,1
Naveed Riaz,Rizwan Ahmad,1
Naveed Riaz,Nazish Ali (Acting),1
Naveed Godil,Syed Masood Abbas Jaffery,1
Naveed Godil,Syed Ather Abbas,1
Naveed Godil,Sohail Ahmed,1
Naveed Godil,Shahid Abdullah,1
Naveed Godil,Razak H. M. Bengali,1
Naveed Godil,Noor Muhammad Zakaria,1
Naved Yunus,Syed Masood Abbas Jaffery,1
Naved Yunus,Syed Ather Abbas,1
Naved Yunus,Sohail Ahmed,1
Naved Yunus,Shahid Abdullah,1
Naved Yunus,Noor Muhammad Zakaria,1
Naveed Riaz,Samera Irfan Shaikh,1
Naved Yunus,Naveed Godil,1
Nassir Salim,Zafar Masud,1
Nassir Salim,Yousuf Mirza,1
Nassir Salim,Usman Zaheer Ahmad,1
Nassir Salim,Syed Muhammad Taha,1
Nassir Salim,Syed Muhammad Daniyal,1
Nassir Salim,Syed Masood Abbas Jaffery,1
Nassir Salim,Sohail H Hydari,1
Nassir Salim,Shahid Ali Habib,1
Nassir Salim,Shabbir Diwan,1
Nassir Salim,Rizwan Akhtar,1
Nassir Salim,Qawi Naseer,1
Naveed Riaz,Salim Ullah Ghauri,1
Naveed Riaz,Sayeed Tariq Saigol,1
Numan Noor,Shahab Qader Khan,1
Nazish Ali (Acting),Salim Ullah Ghauri,1
Numan Noor,Raheel Qamar Ahmad,1
Noor Muhammad Zakaria,Syed Masood Abbas Jaffery,1
Noor Muhammad Zakaria,Syed Ather Abbas,1
Noor Muhammad Zakaria,Sohail Ahmed,1
Noor Muhammad Zakaria,Shahid Abdullah,1
Noor Muhammad Zakaria,Razak H. M. Bengali,1
Nazish Ali (Acting),Usman Zaheer Ahmad,1
Nazish Ali (Acting),Tayyab Aijaz,1
Nazish Ali (Acting),Shuaib Anwar Malik,1
Nazish Ali (Acting),Sheraz Khan,1
Nazish Ali (Acting),Sayeed Tariq Saigol,1
Nazish Ali (Acting),Samera Irfan Shaikh,1
Nazish Ali (Acting),Rizwan Ahmad,1
Naveed Riaz,Sheraz Khan,1
Navid Fazil,Zia Hyder Naqi,1
Navid Fazil,Zain ul Haq Qureshi,1
Navid Fazil,Zahid Mir,1
Navid Fazil,Yousaf Hussain,1
Navid Fazil,Taqi Mohammad,1
Navid Fazil,Shazad Ali Khan,1
Navid Fazil,Shahab Qader Khan,1
Navid Fazil,Raheel Qamar Ahmad,1
Navid Fazil,Numan Noor,1
Naveed Riaz,Usman Zaheer Ahmad,1
Naveed Riaz,Tayyab Aijaz,1
Naveed Riaz,Shuaib Anwar Malik,1
Sajjad Iftikhar,Syed Anis Ahmed,1
Sajjad Iftikhar,Teizoon Kisat,1
Muhammad Asif,Tayyab Aijaz,1
Syed Anis Ahmed,Syed Jarar Haider Kazmi,1
Syed Masood Abbas Jaffery,Syed Muhammad Taha,1
Syed Masood Abbas Jaffery,Syed Muhammad Daniyal,1
Syed Jarar Haider Kazmi,Zubair Shaikh,1
Syed Jarar Haider Kazmi,Zubair Razzak Palwala,1
Syed Jarar Haider Kazmi,Zia Ijaz,1
Syed Jarar Haider Kazmi,Zameer Mohammed Choudrey,1
Syed Jarar Haider Kazmi,Teizoon Kisat,1
Syed Ather Abbas,Syed Masood Abbas Jaffery,1
Syed Anis Ahmed,Zubair Shaikh,1
Syed Anis Ahmed,Zubair Razzak Palwala,1
Syed Anis Ahmed,Zia Ijaz,1
Syed Anis Ahmed,Teizoon Kisat,1
Sohail H Hydari,Zafar Masud,1
Syed Masood Abbas Jaffery,Yousuf Mirza,1
Sohail H Hydari,Yousuf Mirza,1
Sohail H Hydari,Usman Zaheer Ahmad,1
Sohail H Hydari,Syed Muhammad Taha,1
Sohail H Hydari,Syed Muhammad Daniyal,1
Sohail H Hydari,Syed Masood Abbas Jaffery,1
Sohail Ahmed,Syed Masood Abbas Jaffery,1
Sohail Ahmed,Syed Ather Abbas,1
Shuaib Anwar Malik,Usman Zaheer Ahmad,1
Shuaib Anwar Malik,Tayyab Aijaz,1
Sheraz Khan,Yousaf Hussain,1
Sheraz Khan,Yasir Siddique Sheikh,1
Sheraz Khan,Usman Zaheer Ahmad,1
Syed Masood Abbas Jaffery,Usman Zaheer Ahmad,1
Syed Masood Abbas Jaffery,Zafar Masud,1
Sheraz Khan,Shuaib Anwar Malik,1
Teizoon Kisat,Zubair Shaikh,1
Zia Ijaz,Zubair Shaikh,1
Zia Ijaz,Zubair Razzak Palwala,1
Zahid Mir,Zia Hyder Naqi,1
Yousuf Mirza,Zafar Masud,1
Yousaf Hussain,Zia Hyder Naqi,1
Yousaf Hussain,Zahid Mir,1
Yasir Siddique Sheikh,Yousaf Hussain,1
Waseem-ul-Haque Ansari,Zahid Mir,1
Waseem-ul-Haque Ansari,Yousuf Mirza,1
Usman Zaheer Ahmad,Zafar Masud,1
Usman Zaheer Ahmad,Yousuf Mirza,1
Umer Shehzad Sheikh,Zafar Mahmood,1
Teizoon Kisat,Zubair Razzak Palwala,1
Syed Muhammad Daniyal,Syed Muhammad Taha,1
Teizoon Kisat,Zia Ijaz,1
Tayyab Aijaz,Usman Zaheer Ahmad,1
Taqi Mohammad,Zia Hyder Naqi,1
Taqi Mohammad,Zahid Mir,1
Taqi Mohammad,Yousaf Hussain,1
Syed Sheharyar Ali,Zain ul Haq Qureshi,1
Syed Muhammad Taha,Zafar Masud,1
Syed Muhammad Taha,Yousuf Mirza,1
Syed Muhammad Taha,Usman Zaheer Ahmad,1
Syed Muhammad Daniyal,Zafar Masud,1
Syed Muhammad Daniyal,Waseem-ul-Haque Ansari,1
Syed Muhammad Daniyal,Usman Zaheer Ahmad,1
Sheraz Khan,Tayyab Aijaz,1
Shazad Ali Khan,Zia Hyder Naqi,1
Sajjad Iftikhar,Zia Ijaz,1
Samera Irfan Shaikh,Tayyab Aijaz,1
Shabbir Diwan,Syed Muhammad Daniyal,1
Shabbir Diwan,Syed Masood Abbas Jaffery,1
Shabbir Diwan,Sohail H Hydari,1
Shabbir Diwan,Shahid Ali Habib,1
Sayeed Tariq Saigol,Usman Zaheer Ahmad,1
Sayeed Tariq Saigol,Tayyab Aijaz,1
Sayeed Tariq Saigol,Shuaib Anwar Malik,1
Sayeed Tariq Saigol,Sheraz Khan,1
Saquib H. Shirazi,Zulfiqar Ali Lakhani,1
Samir M. Chinoy,Shayan Abdullah,1
Samir M. Chinoy,Shahzad Ahmed,1
Samera Irfan Shaikh,Usman Zaheer Ahmad,1
Samera Irfan Shaikh,Shuaib Anwar Malik,1
Shabbir Diwan,Usman Zaheer Ahmad,1
Samera Irfan Shaikh,Sheraz Khan,1
Samera Irfan Shaikh,Sayeed Tariq Saigol,1
Samad A. Habib,Sarocsh Ahmed,1
Salim Ullah Ghauri,Usman Zaheer Ahmad,1
Salim Ullah Ghauri,Tayyab Aijaz,1
Salim Ullah Ghauri,Shuaib Anwar Malik,1
Salim Ullah Ghauri,Sheraz Khan,1
Salim Ullah Ghauri,Sayeed Tariq Saigol,1
Salim Ullah Ghauri,Samera Irfan Shaikh,1
Salem Rehman,Taha Muhammad Naseem,1
Sajjad Iftikhar,Zubair Shaikh,1
Sajjad Iftikhar,Zubair Razzak Palwala,1
Shabbir Diwan,Syed Muhammad Taha,1
Shabbir Diwan,Yousuf Mirza,1
Shazad Ali Khan,Zahid Mir,1
Shahid Ali Habib,Usman Zaheer Ahmad,1
Shazad Ali Khan,Yousaf Hussain,1
Shazad Ali Khan,Taqi Mohammad,1
Shayan Akberali,Zain Shahzad,1
Shaikh Muhammad Tanveer,Zubair Shaikh,1
Shaikh Muhammad Tanveer,Zubair Razzak Palwala,1
Shaikh Muhammad Tanveer,Zia Ijaz,1
Shaikh Muhammad Tanveer,Teizoon Kisat,1
Shaikh Muhammad Tanveer,Syed Jarar Haider Kazmi,1
Shaikh Muhammad Tanveer,Syed Anis Ahmed,1
Shahzad Ahmed,Shayan Abdullah,1
Shahid Ali Habib,Zafar Masud,1
Shahid Ali Habib,Yousuf Mirza,1
Shahid Ali Habib,Syed Muhammad Taha,1
Shabbir Diwan,Zafar Masud,1
Shahid Ali Habib,Syed Muhammad Daniyal,1
Shahid Ali Habib,Syed Masood Abbas Jaffery,1
Shahid Ali Habib,Sohail H Hydari,1
Shahid Abdullah,Syed Masood Abbas Jaffery,1
Shahid Abdullah,Syed Ather Abbas,1
Shahid Abdullah,Sohail Ahmed,1
Shahab Qader Khan,Zia Hyder Naqi,1
Shahab Qader Khan,Zahid Mir,1
Shahab Qader Khan,Yasir Siddique Sheikh,1
Shahab Qader Khan,Taqi Mohammad,1
Shahab Qader Khan,Sheraz Khan,1
Shahab Qader Khan,Shazad Ali Khan,1
Najm-ul- Hassan,Zafar Masud,1
Najm-ul- Hassan,Yousuf Mirza,1
Najm-ul- Hassan,Usman Zaheer Ahmad,1
Muhammad Irfan-ul-Haq,Shahab Qader Khan,1
Muhammad Kashif A. Habib,Sajjad Iftikhar,1
Muhammad Kashif A. Habib,Rashid Jahangir (Acting),1
Muhammad Kashif A. Habib,Mustafa Jafar,1
Muhammad Kamran Nasir,Zameer Mohammed Choudrey,1
Muhammad Kamran Nasir,Syed Jarar Haider Kazmi,1
Muhammad Kamran Nasir,Muhammad Tayyab Ahmad Tareen,1
Muhammad Jawaid Iqbal,Muhammad Nauman Chughtai,1
Muhammad Irfan-ul-Haq,Zia Hyder Naqi,1
Muhammad Irfan-ul-Haq,Zahid Mir,1
Muhammad Irfan-ul-Haq,Yousaf Hussain,1
Muhammad Irfan-ul-Haq,Taqi Mohammad,1
Muhammad Irfan-ul-Haq,Shazad Ali Khan,1
Muhammad Irfan-ul-Haq,Raheel Qamar Ahmad,1
Muhammad Kashif A. Habib,Syed Anis Ahmed,1
Muhammad Irfan-ul-Haq,Numan Noor,1
Muhammad Irfan-ul-Haq,Navid Fazil,1
Muhammad Irfan-ul-Haq,Muhtashim Ahmad Ashai,1
Muhammad Imran Malik,Usman Zaheer Ahmad,1
Muhammad Imran Malik,Tayyab Aijaz,1
Muhammad Imran Malik,Shuaib Anwar Malik,1
Muhammad Imran Malik,Sheraz Khan,1
Muhammad Imran Malik,Sayeed Tariq Saigol,1
Muhammad Imran Malik,Samera Irfan Shaikh,1
Muhammad Imran Malik,Salim Ullah Ghauri,1
Muhammad Imran Malik,Rizwan Ahmad,1
Muhammad Imran Malik,Nazish Ali (Acting),1
Muhammad Kashif A. Habib,Shaikh Muhammad Tanveer,1
Muhammad Kashif A. Habib,Syed Jarar Haider Kazmi,1
Muhammad Imran Malik,Muhammad Zahid,1
Muhammad Mohtashim Aftab,Sheraz Khan,1
Muhammad Nauman Chughtai,Muhtashim Ahmad Ashai,1
Muhammad Naeem ul Hasnain Mirza,Yousuf Mirza,1
Muhammad Naeem ul Hasnain Mirza,Waseem-ul-Haque Ansari,1
Muhammad Naeem ul Hasnain Mirza,Syed Muhammad Daniyal,1
Muhammad Naeem ul Hasnain Mirza,Muhammad Nauman Chughtai,1
Muhammad Murad Saigol,Zain Ashraf Mukaty,1
Muhammad Murad Saigol,Raza Mansha,1
Muhammad Mohtashim Aftab,Zafar Mahmood,1
Muhammad Mohtashim Aftab,Usman Zaheer Ahmad,1
Muhammad Mohtashim Aftab,Umer Shehzad Sheikh,1
Muhammad Mohtashim Aftab,Tayyab Aijaz,1
Muhammad Mohtashim Aftab,Shuaib Anwar Malik,1
Muhammad Mohtashim Aftab,Sayeed Tariq Saigol,1
Muhammad Kashif A. Habib,Teizoon Kisat,1
Muhammad Mohtashim Aftab,Samera Irfan Shaikh,1
Muhammad Mohtashim Aftab,Salim Ullah Ghauri,1
Muhammad Mohtashim Aftab,Rizwan Ahmad,1
Muhammad Mohtashim Aftab,Nazish Ali (Acting),1
Muhammad Mohtashim Aftab,Naveed Riaz,1
Muhammad Mohtashim Aftab,Muhammad Zahid,1
Muhammad Mohsin Ali,Zafar Mahmood,1
Muhammad Mohsin Ali,Umer Shehzad Sheikh,1
Muhammad Mohsin Ali,Muhammad Mohtashim Aftab,1
Muhammad Kashif A. Habib,Zubair Shaikh,1
Muhammad Kashif A. Habib,Zubair Razzak Palwala,1
Muhammad Kashif A. Habib,Zia Ijaz,1
Muhammad Imran Malik,Naveed Riaz,1
Muhammad Imran Malik,Muhammad Mohtashim Aftab,1
Najm-ul- Hassan,Syed Muhammad Taha,1
Muhammad Ehtisham Khan,Muhammad Ejaz,1
Muhammad Ehtisham Khan,Syed Muhammad Daniyal,1
Muhammad Ehtisham Khan,Syed Masood Abbas Jaffery,1
Muhammad Ehtisham Khan,Sohail H Hydari,1
Muhammad Ehtisham Khan,Shahid Ali Habib,1
Muhammad Ehtisham Khan,Shabbir Diwan,1
Muhammad Ehtisham Khan,Rizwan Akhtar,1
Muhammad Ehtisham Khan,Qawi Naseer,1
Muhammad Ehtisham Khan,Nassir Salim,1
Muhammad Ehtisham Khan,Najm-ul- Hassan,1
Muhammad Ehtisham Khan,Mujtaba Ahmad,1
Muhammad Ehtisham Khan,Muhammad Shoaib Ibrahim,1
Muhammad Ehtisham Khan,Muhammad Rizwan ul Haque,1
Muhammad Bilal Ahmed,Yousaf Hussain,1
Muhammad Ehtisham Khan,Usman Zaheer Ahmad,1
Muhammad Bilal Ahmed,Yasir Siddique Sheikh,1
Muhammad Bilal Ahmed,Sheraz Khan,1
Muhammad Bilal Ahmed,Shahab Qader Khan,1
Muhammad Bilal Ahmed,Rizwan Ata,1
Muhammad Bilal Ahmed,Raheel Asghar,1
Muhammad Bilal Ahmed,Najam Aziz Sethi,1
Muhammad Bilal Ahmed,Mussaid Hanif,1
Muhammad Bilal Ahmed,Muhtashim Ahmad Ashai,1
Muhammad Bilal Ahmed,Muhammad Jawaid Iqbal,1
Imran Qureshi,Kamran Arshad Inam,1
Muhammad Asif,Usman Zaheer Ahmad,1
Muhammad Asif,Umer Shehzad Sheikh,1
Muhammad Ehtisham Khan,Syed Muhammad Taha,1
Muhammad Ehtisham Khan,Yousuf Mirza,1
Muhammad Farid Alam,Zubair Shaikh,1
Muhammad Ejaz,Yousuf Mirza,1
Muhammad Farid Alam,Zubair Razzak Palwala,1
Muhammad Farid Alam,Zia Ijaz,1
Muhammad Farid Alam,Teizoon Kisat,1
Muhammad Farid Alam,Syed Jarar Haider Kazmi,1
Muhammad Farid Alam,Syed Anis Ahmed,1
Muhammad Farid Alam,Shaikh Muhammad Tanveer,1
Muhammad Farid Alam,Sajjad Iftikhar,1
Muhammad Farid Alam,Rashid Jahangir (Acting),1
Muhammad Farid Alam,Mustafa Jafar,1
Muhammad Farid Alam,Muhammad Kashif A. Habib,1
Muhammad Faisal Muzammil,Syed Ali Akbar,1
Muhammad Ejaz,Zafar Masud,1
Muhammad Ejaz,Usman Zaheer Ahmad,1
Muhammad Ehtisham Khan,Zafar Masud,1
Muhammad Ejaz,Syed Muhammad Taha,1
Muhammad Ejaz,Syed Muhammad Daniyal,1
Muhammad Ejaz,Syed Masood Abbas Jaffery,1
Muhammad Ejaz,Sohail H Hydari,1
Muhammad Ejaz,Shabbir Diwan,1
Muhammad Ejaz,Rizwan Akhtar,1
Muhammad Ejaz,Qawi Naseer,1
Muhammad Ejaz,Nassir Salim,1
Muhammad Ejaz,Najm-ul- Hassan,1
Muhammad Ejaz,Mujtaba Ahmad,1
Muhammad Ejaz,Muhammad Shoaib Ibrahim,1
Muhammad Ejaz,Muhammad Rizwan ul Haque,1
Muhammad Nauman Chughtai,Mussaid Hanif,1
Muhammad Nauman Chughtai,Rizwan Ata,1
Muhammad Nauman Chughtai,Shahab Qader Khan,1
Mujtaba Ahmad,Zafar Masud,1
Mustafa Jafar,Zia Ijaz,1
Mustafa Jafar,Teizoon Kisat,1
Mustafa Jafar,Syed Jarar Haider Kazmi,1
Mustafa Jafar,Syed Anis Ahmed,1
Mustafa Jafar,Shaikh Muhammad Tanveer,1
Mustafa Jafar,Sajjad Iftikhar,1
Mustafa Jafar,Rashid Jahangir (Acting),1
Mussaid Hanif,Yousaf Hussain,1
Mussaid Hanif,Yasir Siddique Sheikh,1
Mussaid Hanif,Sheraz Khan,1
Mussaid Hanif,Shahab Qader Khan,1
Mussaid Hanif,Rizwan Ata,1
Mujtaba Ahmad,Yousuf Mirza,1
Mustafa Jafar,Zubair Shaikh,1
Mujtaba Ahmad,Usman Zaheer Ahmad,1
Mujtaba Ahmad,Tanveer Karamat,1
Mujtaba Ahmad,Syed Muhammad Taha,1
Mujtaba Ahmad,Syed Muhammad Daniyal,1
Mujtaba Ahmad,Syed Masood Abbas Jaffery,1
Mujtaba Ahmad,Sohail H Hydari,1
Mujtaba Ahmad,Shahid Ali Habib,1
Mujtaba Ahmad,Shabbir Diwan,1
Mujtaba Ahmad,Rizwan Akhtar,1
Mujtaba Ahmad,Qawi Naseer,1
Mujtaba Ahmad,Qamar Manzoor,1
Mujtaba Ahmad,Nassir Salim,1
Mustafa Jafar,Zubair Razzak Palwala,1
Muzaffar F. Baweja,Naeem Shafi,1
Muhammad Nauman Chughtai,Sheraz Khan,1
Naeem Shafi,Sohail Ahmed,1
Najm-ul- Hassan,Syed Muhammad Daniyal,1
Najm-ul- Hassan,Syed Masood Abbas Jaffery,1
Najm-ul- Hassan,Sohail H Hydari,1
Najm-ul- Hassan,Shahid Ali Habib,1
Najm-ul- Hassan,Shabbir Diwan,1
Najm-ul- Hassan,Rizwan Akhtar,1
Najm-ul- Hassan,Qawi Naseer,1
Najm-ul- Hassan,Nassir Salim,1
Najam Aziz Sethi,Sayeed Tariq Saigol,1
Najam Aziz Sethi,Raheel Asghar,1
Naeem Shafi,Syed Masood Abbas Jaffery,1
Naeem Shafi,Syed Ather Abbas,1
Naeem Shafi,Shahid Abdullah,1
Muzaffar F. Baweja,Naved Yunus,1
Naeem Shafi,Razak H. M. Bengali,1
Naeem Shafi,Noor Muhammad Zakaria,1
Naeem Shafi,Naveed Godil,1
Naeem Shafi,Naved Yunus,1
Nadeem Atta Sheikh,Nadeem Ellahi Shaikh,1
Muzaffar F. Baweja,Syed Masood Abbas Jaffery,1
Muzaffar F. Baweja,Syed Ather Abbas,1
Muzaffar F. Baweja,Sohail Ahmed,1
Muzaffar F. Baweja,Shahid Abdullah,1
Muzaffar F. Baweja,Razak H. M. Bengali,1
Muzaffar F. Baweja,Noor Muhammad Zakaria,1
Muzaffar F. Baweja,Naveed Godil,1
Mujtaba Ahmad,Najm-ul- Hassan,1
Muhtashim Ahmad Ashai,Zia Hyder Naqi,1
Muhtashim Ahmad Ashai,Zahid Mir,1
Muhammad Rizwan ul Haque,Sohail H Hydari,1
Muhammad Shoaib Ibrahim,Rizwan Akhtar,1
Muhammad Shoaib Ibrahim,Qawi Naseer,1
Muhammad Shoaib Ibrahim,Nassir Salim,1
Muhammad Shoaib Ibrahim,Najm-ul- Hassan,1
Muhammad Shoaib Ibrahim,Mujtaba Ahmad,1
Muhammad Rizwan ul Haque,Zia Ijaz,1
Muhammad Rizwan ul Haque,Zafar Masud,1
Muhammad Rizwan ul Haque,Yousuf Mirza,1
Muhammad Rizwan ul Haque,Usman Zaheer Ahmad,1
Muhammad Rizwan ul Haque,Syed Muhammad Taha,1
Muhammad Rizwan ul Haque,Syed Muhammad Daniyal,1
Muhammad Rizwan ul Haque,Syed Masood Abbas Jaffery,1
Muhammad Rizwan ul Haque,Shahid Ali Habib,1
Muhtashim Ahmad Ashai,Yasir Siddique Sheikh,1
Muhammad Rizwan ul Haque,Shabbir Diwan,1
Muhammad Rizwan ul Haque,Rizwan Akhtar,1
Muhammad Rizwan ul Haque,Qawi Naseer,1
Muhammad Rizwan ul Haque,Nassir Salim,1
Muhammad Rizwan ul Haque,Najm-ul- Hassan,1
Muhammad Rizwan ul Haque,Mujtaba Ahmad,1
Muhammad Rizwan ul Haque,Muhammad Shoaib Ibrahim,1
Muhammad Nauman Chughtai,Yousuf Mirza,1
Muhammad Nauman Chughtai,Yousaf Hussain,1
Muhammad Nauman Chughtai,Yasir Siddique Sheikh,1
Muhammad Nauman Chughtai,Waseem-ul-Haque Ansari,1
Muhammad Nauman Chughtai,Syed Muhammad Daniyal,1
Muhammad Shoaib Ibrahim,Shabbir Diwan,1
Muhammad Shoaib Ibrahim,Shahid Ali Habib,1
Muhammad Shoaib Ibrahim,Sohail H Hydari,1
Muhammad Shoaib Ibrahim,Syed Masood Abbas Jaffery,1
Muhtashim Ahmad Ashai,Taqi Mohammad,1
Muhtashim Ahmad Ashai,Sheraz Khan,1
Muhtashim Ahmad Ashai,Shazad Ali Khan,1
Muhtashim Ahmad Ashai,Rizwan Ata,1
Muhtashim Ahmad Ashai,Raheel Qamar Ahmad,1
Muhtashim Ahmad Ashai,Numan Noor,1
Muhtashim Ahmad Ashai,Navid Fazil,1
Muhtashim Ahmad Ashai,Mussaid Hanif,1
Muhammad Zahid,Usman Zaheer Ahmad,1
Muhammad Zahid,Tayyab Aijaz,1
Muhammad Zahid,Shuaib Anwar Malik,1
Muhammad Zahid,Sheraz Khan,1
Muhammad Zahid,Sayeed Tariq Saigol,1
Muhammad Zahid,Samera Irfan Shaikh,1
Muhammad Zahid,Salim Ullah Ghauri,1
Muhammad Zahid,Rizwan Ahmad,1
Muhammad Zahid,Nazish Ali (Acting),1
Muhammad Zahid,Naveed Riaz,1
Muhammad Tayyab Ahmad Tareen,Zameer Mohammed Choudrey,1
Muhammad Tayyab Ahmad Tareen,Syed Jarar Haider Kazmi,1
Muhammad Shoaib Ibrahim,Zafar Masud,1
Muhammad Shoaib Ibrahim,Yousuf Mirza,1
Muhammad Shoaib Ibrahim,Usman Zaheer Ahmad,1
Muhammad Shoaib Ibrahim,Syed Muhammad Taha,1
Muhammad Shoaib Ibrahim,Syed Muhammad Daniyal,1
Imran Qureshi,Khalid Sarfaraz Ghori,1
Imran Maqbool,Syed Muhammad Taha,1
Imran Qureshi,Javed Ahmedjee,1
Amjad Waqar,Irfan Chawala,1
Amjad Waqar,Sakib Eltaff,1
Amjad Waqar,Sajjad Iftikhar,1
Amjad Waqar,Rashid Jahangir (Acting),1
Amjad Waqar,Mustafa Jafar,1
Amjad Waqar,Muhammad Kashif A. Habib,1
Amjad Waqar,Muhammad Farid Alam,1
Amjad Waqar,Muhammad Amin Rajput,1
Amjad Waqar,Muhammad Ali Zeb,1
Amjad Waqar,Mohammed Ali Ahmed,1
Amjad Waqar,Khursheed Anwer Jamal,1
Amjad Waqar,Kamran Munir Ansari,1
Amjad Waqar,Javed Ahmedjee,1
Amjad Waqar,Haroon Ahmad Khan,1
Amjad Waqar,Syed Anis Ahmed,1
Amjad Waqar,Farrukh Ifzal,1
Amir R. Paracha,Zafar Masud,1
Amir R. Paracha,Yousuf Mirza,1
Amir R. Paracha,Usman Zaheer Ahmad,1
Amir R. Paracha,Syed Muhammad Taha,1
Amir R. Paracha,Syed Muhammad Daniyal,1
Amir R. Paracha,Syed Ather Abbas,1
Amir R. Paracha,Sohail H Hydari,1
Amir R. Paracha,Sohail Ahmed,1
Amir R. Paracha,Shahid Ali Habib,1
Amir R. Paracha,Shahid Abdullah,1
Amir R. Paracha,Shabbir Diwan,1
Amjad Waqar,Shaikh Muhammad Tanveer,1
Amjad Waqar,Syed Jarar Haider Kazmi,1
Amir R. Paracha,Razak H. M. Bengali,1
Anwaar Ahmad Khan,Muhammad Zahid,1
Arif Saeed,Faheem Haider,1
Anwar Moin,Muhammad Faisal Muzammil,1
Anwaar Ahmad Khan,Usman Zaheer Ahmad,1
Anwaar Ahmad Khan,Tayyab Aijaz,1
Anwaar Ahmad Khan,Shuaib Anwar Malik,1
Anwaar Ahmad Khan,Sheraz Khan,1
Anwaar Ahmad Khan,Sayeed Tariq Saigol,1
Anwaar Ahmad Khan,Samera Irfan Shaikh,1
Anwaar Ahmad Khan,Salim Ullah Ghauri,1
Anwaar Ahmad Khan,Rizwan Ahmad,1
Anwaar Ahmad Khan,Nazish Ali (Acting),1
Anwaar Ahmad Khan,Naveed Riaz,1
Anwaar Ahmad Khan,Muhammad Mohtashim Aftab,1
Amjad Waqar,Teizoon Kisat,1
Anwaar Ahmad Khan,Muhammad Imran Malik,1
Anwaar Ahmad Khan,Muhammad Asif,1
Anwaar Ahmad Khan,Muhammad Akram Shahid,1
Anwaar Ahmad Khan,Muhammad Adrees,1
Anwaar Ahmad Khan,Masroor Ahmad Khan,1
Anwaar Ahmad Khan,Mahmood Akhtar,1
Anwaar Ahmad Khan,Khawaja Imtaiz Ahmed,1
Anwaar Ahmad Khan,Imran Ghafoor,1
Anwaar Ahmad Khan,Basheer Ahmed Chowdry,1
Amjad Waqar,Zubair Shaikh,1
Amjad Waqar,Zubair Razzak Palwala,1
Amjad Waqar,Zia Ijaz,1
Amir R. Paracha,Rizwan Akhtar,1
Amir R. Paracha,Qawi Naseer,1
Amer Tufail,Farrukh Ifzal,1
Amer Tufail,Shaikh Muhammad Tanveer,1
Amir R. Paracha,Azfar Arshad,1
Amir R. Paracha,Asmer Baig,1
Amir R. Paracha,Asif Peer,1
Amir R. Paracha,Asif Misbah,1
Amir R. Paracha,Asad Ahmad,1
Amin Ellahi Sheikh,Shaheen Amin,1
Amer Tufail,Zubair Shaikh,1
Amer Tufail,Zubair Razzak Palwala,1
Amer Tufail,Zia Ijaz,1
Amer Tufail,Teizoon Kisat,1
Amer Tufail,Syed Jarar Haider Kazmi,1
Amer Tufail,Syed Anis Ahmed,1
Amer Tufail,Sayeed Tariq Saigol,1
Amir R. Paracha,Faisal Hussain,1
Amer Tufail,Sajjad Iftikhar,1
Amer Tufail,Rashid Jahangir (Acting),1
Amer Tufail,Najam Aziz Sethi,1
Amer Tufail,Mustafa Jafar,1
Amer Tufail,Muhammad Kashif A. Habib,1
Amer Tufail,Muhammad Farid Alam,1
Amer Tufail,Muhammad Amin Rajput,1
Amer Tufail,Muhammad Ali Zeb,1
Amer Tufail,Mohammed Ali Ahmed,1
Amer Tufail,Khurrum Salim,1
Amer Tufail,Kamran Munir Ansari,1
Amer Tufail,Javed Ahmedjee,1
Amir R. Paracha,Erum Shakir Rahim,1
Amir R. Paracha,Farrukh Sabzwari,1
Amir R. Paracha,Noor Muhammad Zakaria,1
Amir R. Paracha,Muhammad Akram Shahid,1
Amir R. Paracha,Naveed Godil,1
Amir R. Paracha,Naved Yunus,1
Amir R. Paracha,Nassir Salim,1
Amir R. Paracha,Najm-ul- Hassan,1
Amir R. Paracha,Naeem Shafi,1
Amir R. Paracha,Muzaffar F. Baweja,1
Amir R. Paracha,Mujtaba Ahmad,1
Amir R. Paracha,Muhammad Shoaib Ibrahim,1
Amir R. Paracha,Muhammad Rizwan ul Haque,1
Amir R. Paracha,Muhammad Ejaz,1
Amir R. Paracha,Muhammad Ehtisham Khan,1
Amir R. Paracha,Muhammad Aminuddin,1
Amir R. Paracha,Moin Ur Rehman,1
Amir R. Paracha,Ghazanfar Baber Siddiqi,1
Amir R. Paracha,Khalid Sarfaraz Ghori,1
Amir R. Paracha,Kashan Hasan,1
Amir R. Paracha,Kamran Arshad Inam,1
Amir R. Paracha,Javed Ahmedjee,1
Amir R. Paracha,Jamal Nasir Khan,1
Amir R. Paracha,Ishtiaq Ahmad,1
Amir R. Paracha,Imran Qureshi,1
Amir R. Paracha,Imran Maqbool,1
Amir R. Paracha,Imran Ghani,1
Amir R. Paracha,Iffat Zehra Mankani,1
Amir R. Paracha,Hussain Jamil,1
Amir R. Paracha,Hassan Raza,1
Arif Saeed,Navid Fazil,1
Arif Saeed,Zain ul Haq Qureshi,1
Arshad Shehzada,Asad Rasool,1
Asad Rasool,Muhtashim Ahmad Ashai,1
Asif Jooma,Nadeem Ellahi Shaikh,1
Asif Jooma,Nadeem Atta Sheikh,1
Asif Jooma,Basit Rehman Malik,1
Asad Rasool,Zia Hyder Naqi,1
Asad Rasool,Zahid Mir,1
Asad Rasool,Yousaf Hussain,1
Asad Rasool,Taqi Mohammad,1
Asad Rasool,Shazad Ali Khan,1
Asad Rasool,Shahab Qader Khan,1
Asad Rasool,Raheel Qamar Ahmad,1
Asad Rasool,Numan Noor,1
Asad Rasool,Navid Fazil,1
Asad Rasool,Muhammad Irfan-ul-Haq,1
Asif Misbah,Asmer Baig,1
Asad Rasool,Khurram Shahzad Khan,1
Asad Rasool,Khawar Anwar Khawaja,1
Asad Rasool,Jahangir Piracha,1
Asad Rasool,Imran Ghani,1
Asad Rasool,Faheem Haider,1
Asad Rasool,Bakhtiar Hameed Wain,1
Asad Nasir,Zameer Mohammed Choudrey,1
Asad Nasir,Syed Jarar Haider Kazmi,1
Asad Nasir,Muhammad Tayyab Ahmad Tareen,1
Asad Nasir,Muhammad Kamran Nasir,1
Asad Nasir,Irfan Siddiqui,1
Asad Hasan,Yousuf Mirza,1
Asif Misbah,Asif Peer,1
Asif Misbah,Azfar Arshad,1
Arshad Shehzada,Bakhtiar Hameed Wain,1
Asif Misbah,Mujtaba Ahmad,1
Asif Misbah,Yousuf Mirza,1
Asif Misbah,Usman Zaheer Ahmad,1
Asif Misbah,Syed Muhammad Taha,1
Asif Misbah,Syed Muhammad Daniyal,1
Asif Misbah,Syed Masood Abbas Jaffery,1
Asif Misbah,Sohail H Hydari,1
Asif Misbah,Shahid Ali Habib,1
Asif Misbah,Shabbir Diwan,1
Asif Misbah,Rizwan Akhtar,1
Asif Misbah,Qawi Naseer,1
Asif Misbah,Nassir Salim,1
Asif Misbah,Najm-ul- Hassan,1
Asif Misbah,Muhammad Shoaib Ibrahim,1
Asif Misbah,Faisal Hussain,1
Asif Misbah,Muhammad Rizwan ul Haque,1
Asif Misbah,Muhammad Ejaz,1
Asif Misbah,Muhammad Ehtisham Khan,1
Asif Misbah,Muhammad Aminuddin,1
Asif Misbah,Moin Ur Rehman,1
Asif Misbah,Kashan Hasan,1
Asif Misbah,Kamran Arshad Inam,1
Asif Misbah,Jamal Nasir Khan,1
Asif Misbah,Imran Maqbool,1
Asif Misbah,Imran Ghani,1
Asif Misbah,Iffat Zehra Mankani,1
Asif Misbah,Farrukh Sabzwari,1
Asad Hasan,Waseem-ul-Haque Ansari,1
Asad Hasan,Syed Muhammad Daniyal,1
Asad Hasan,Muhammad Nauman Chughtai,1
Arshad Shehzada,Yousaf Hussain,1
Asad Ahmad,Jamal Nasir Khan,1
Asad Ahmad,Imran Maqbool,1
Asad Ahmad,Imran Ghani,1
Asad Ahmad,Iffat Zehra Mankani,1
Asad Ahmad,Farrukh Sabzwari,1
Asad Ahmad,Faisal Hussain,1
Asad Ahmad,Azfar Arshad,1
Asad Ahmad,Asmer Baig,1
Asad Ahmad,Asif Peer,1
Asad Ahmad,Asif Misbah,1
Arshad Shehzada,Zia Hyder Naqi,1
Arshad Shehzada,Zahid Mir,1
Arshad Shehzada,Taqi Mohammad,1
Asad Hasan,Muhammad Naeem ul Hasnain Mirza,1
Arshad Shehzada,Shazad Ali Khan,1
Arshad Shehzada,Shahab Qader Khan,1
Arshad Shehzada,Raheel Qamar Ahmad,1
Arshad Shehzada,Numan Noor,1
Arshad Shehzada,Navid Fazil,1
Arshad Shehzada,Muhtashim Ahmad Ashai,1
Arshad Shehzada,Muhammad Irfan-ul-Haq,1
Arshad Shehzada,Khurram Shahzad Khan,1
Arshad Shehzada,Khawar Anwar Khawaja,1
Arshad Shehzada,Jahangir Piracha,1
Arshad Shehzada,Imran Ghani,1
Arshad Shehzada,Faheem Haider,1
Asad Ahmad,Kamran Arshad Inam,1
Asad Ahmad,Kashan Hasan,1
Asad Ahmad,Moin Ur Rehman,1
Asad Ahmad,Muhammad Aminuddin,1
Asad Hasan,Mr. Munsarim Saifullah,1
Asad Hasan,Kamran Arshad Inam,1
Asad Hasan,Jamal Nasir Khan,1
Asad Hasan,Imran Qureshi,1
Asad Hasan,Ghazanfar Hussain Mirza,1
Asad Hasan,Basir Shamsie,1
Asad Hasan,Azfar Arshad,1
Asad Ahmad,Zafar Masud,1
Asad Ahmad,Yousuf Mirza,1
Asad Ahmad,Usman Zaheer Ahmad,1
Asad Ahmad,Syed Muhammad Taha,1
Asad Ahmad,Syed Muhammad Daniyal,1
Asad Ahmad,Syed Masood Abbas Jaffery,1
Asad Ahmad,Sohail H Hydari,1
Asad Ahmad,Shahid Ali Habib,1
Asad Ahmad,Shabbir Diwan,1
Asad Ahmad,Rizwan Akhtar,1
Asad Ahmad,Qawi Naseer,1
Asad Ahmad,Nassir Salim,1
Asad Ahmad,Najm-ul- Hassan,1
Asad Ahmad,Mujtaba Ahmad,1
Asad Ahmad,Muhammad Shoaib Ibrahim,1
Asad Ahmad,Muhammad Rizwan ul Haque,1
Asad Ahmad,Muhammad Ejaz,1
Asad Ahmad,Muhammad Ehtisham Khan,1
Amer Tufail,Haroon Ahmad Khan,1
Amer Tufail,Fahim Kapadia,1
Asif Peer,Asmer Baig,1
Aftab Ahmad,Jahangir Piracha,1
Aftab Ahmad,Zahid Mir,1
Aftab Ahmad,Yousaf Hussain,1
Aftab Ahmad,Taqi Mohammad,1
Aftab Ahmad,Shazad Ali Khan,1
Aftab Ahmad,Shahab Qader Khan,1
Aftab Ahmad,Raheel Qamar Ahmad,1
Aftab Ahmad,Numan Noor,1
Aftab Ahmad,Navid Fazil,1
Aftab Ahmad,Muhtashim Ahmad Ashai,1
Aftab Ahmad,Muhammad Irfan-ul-Haq,1
Aftab Ahmad,Khurram Shahzad Khan,1
Aftab Ahmad,Khawar Anwar Khawaja,1
Aftab Ahmad,Imran Ghani,1
Agha Humayun Khan (Deceased),Akhter Khalid Waheed,1
Aftab Ahmad,Faheem Haider,1
Aftab Ahmad,Bakhtiar Hameed Wain,1
Aftab Ahmad,Asad Rasool,1
Aftab Ahmad,Arshad Shehzada,1
Aftab Ahmad,Aizid Razzaq Gill,1
Adnan Ahmed Khan,Nadeem Ellahi Shaikh,1
Adnan Ahmed Khan,Nadeem Atta Sheikh,1
Adnan Ahmed Khan,Basit Rehman Malik,1
Adnan Ahmed Khan,Asif Jooma,1
Adam Jadoon,Mahfuz-ur-Rehman Pasha,1
Adam Jadoon,Dr. ShahIn Kuli Khan Khattak,1
Adam Jadoon,Ahmed Ali Muhammad Amin Bawany,1
Aftab Ahmad,Zia Hyder Naqi,1
Agha Humayun Khan (Deceased),Anwaar Ahmad Khan,1
Abid Mehmood,Usman Zaheer Ahmad,1
Agha Humayun Khan (Deceased),Salim Ullah Ghauri,1
Ahsan M. Saleem,Hasnain Aslam,1
Ahsan M. Saleem,Fahim Kapadia,1
Ahsan M. Saleem,Amer Tufail,1
Ahmed Hayat Lak,Muhammad Tayyab Ahmad Tareen,1
Ahmed Ebrahim Hasham,Sharique Azim Siddiqui,1
Ahmad Shafi,Rehmat Ali Hasnie,1
Agha Humayun Khan (Deceased),Usman Zaheer Ahmad,1
Agha Humayun Khan (Deceased),Tayyab Aijaz,1
Agha Humayun Khan (Deceased),Shuaib Anwar Malik,1
Agha Humayun Khan (Deceased),Sheraz Khan,1
Agha Humayun Khan (Deceased),Sayeed Tariq Saigol,1
Agha Humayun Khan (Deceased),Samera Irfan Shaikh,1
Agha Humayun Khan (Deceased),Rizwan Ahmad,1
Agha Humayun Khan (Deceased),Basheer Ahmed Chowdry,1
Agha Humayun Khan (Deceased),Nazish Ali (Acting),1
Agha Humayun Khan (Deceased),Naveed Riaz,1
Agha Humayun Khan (Deceased),Muhammad Zahid,1
Agha Humayun Khan (Deceased),Muhammad Mohtashim Aftab,1
Agha Humayun Khan (Deceased),Muhammad Imran Malik,1
Agha Humayun Khan (Deceased),Muhammad Asif,1
Agha Humayun Khan (Deceased),Muhammad Akram Shahid,1
Agha Humayun Khan (Deceased),Muhammad Adrees,1
Agha Humayun Khan (Deceased),Masroor Ahmad Khan,1
Agha Humayun Khan (Deceased),Mahmood Akhtar,1
Agha Humayun Khan (Deceased),Khawaja Imtaiz Ahmed,1
Agha Humayun Khan (Deceased),Imran Ghafoor,1
Abrar Hasan,Salem Rehman,1
Abid Mehmood,Tayyab Aijaz,1
Amer Tufail,Amjad Waqar,1
Abdul Waheed,Anwaar Ahmad Khan,1
Abdul Waheed,Naveed Riaz,1
Abdul Waheed,Muhammad Zahid,1
Abdul Waheed,Muhammad Mohtashim Aftab,1
Abdul Waheed,Muhammad Imran Malik,1
Abdul Waheed,Muhammad Asif,1
Abdul Waheed,Muhammad Akram Shahid,1
Abdul Waheed,Muhammad Adrees,1
Abdul Waheed,Masroor Ahmad Khan,1
Abdul Waheed,Mahmood Akhtar,1
Abdul Waheed,Khawaja Imtaiz Ahmed,1
Abdul Waheed,Imran Ghafoor,1
Abdul Waheed,Basheer Ahmed Chowdry,1
Abdul Waheed,Akhter Khalid Waheed,1
Abdul Waheed,Rizwan Ahmad,1
Abdul Waheed,Agha Humayun Khan (Deceased),1
Abdul Waheed,Abid Mehmood,1
Abdul Qayoom Shaikh,Tanveer Karamat,1
Abdul Qayoom Shaikh,Qamar Manzoor,1
Abdul Qayoom Shaikh,Mujtaba Ahmad,1
Abdul Qayoom Shaikh,Mr. Muhammad Nadeem,1
Abdul Qayoom Shaikh,Dr. Munir Ahmed,1
Abbas Sarfaraz Khan,Nadeem Ellahi Shaikh,1
Abbas Sarfaraz Khan,Nadeem Atta Sheikh,1
Abbas Sarfaraz Khan,Basit Rehman Malik,1
Abbas Sarfaraz Khan,Asif Jooma,1
Abbas Sarfaraz Khan,Adnan Ahmed Khan,1
Abdul Waheed,Nazish Ali (Acting),1
Abdul Waheed,Salim Ullah Ghauri,1
Abid Mehmood,Shuaib Anwar Malik,1
Abid Mehmood,Muhammad Adrees,1
Abid Mehmood,Sheraz Khan,1
Abid Mehmood,Sayeed Tariq Saigol,1
Abid Mehmood,Samera Irfan Shaikh,1
Abid Mehmood,Salim Ullah Ghauri,1
Abid Mehmood,Rizwan Ahmad,1
Abid Mehmood,Nazish Ali (Acting),1
Abid Mehmood,Naveed Riaz,1
Abid Mehmood,Muhammad Zahid,1
Abid Mehmood,Muhammad Mohtashim Aftab,1
Abid Mehmood,Muhammad Imran Malik,1
Abid Mehmood,Muhammad Asif,1
Abid Mehmood,Muhammad Akram Shahid,1
Abid Mehmood,Masroor Ahmad Khan,1
Abdul Waheed,Samera Irfan Shaikh,1
Abid Mehmood,Mahmood Akhtar,1
Abid Mehmood,Khawaja Imtaiz Ahmed,1
Abid Mehmood,Imran Ghafoor,1
Abid Mehmood,Basheer Ahmed Chowdry,1
Abid Mehmood,Anwaar Ahmad Khan,1
Abid Mehmood,Akhter Khalid Waheed,1
Abid Mehmood,Agha Humayun Khan (Deceased),1
Abdul Waheed,Usman Zaheer Ahmad,1
Abdul Waheed,Tayyab Aijaz,1
Abdul Waheed,Shuaib Anwar Malik,1
Abdul Waheed,Sheraz Khan,1
Abdul Waheed,Sayeed Tariq Saigol,1
Ahsan M. Saleem,Irfan Chawala,1
Ahsan M. Saleem,Kamal Mahmood Amjad Mian,1
Ahsan M. Saleem,Kamran Kamal,1
Ali Asghar Jamali,Muzaffar F. Baweja,1
Ali Asghar Jamali,Syed Ather Abbas,1
Ali Asghar Jamali,Syed Anis Ahmed,1
Ali Asghar Jamali,Sohail Ahmed,1
Ali Asghar Jamali,Shaikh Muhammad Tanveer,1
Ali Asghar Jamali,Shahid Abdullah,1
Ali Asghar Jamali,Sajjad Iftikhar,1
Ali Asghar Jamali,Razak H. M. Bengali,1
Ali Asghar Jamali,Rashid Jahangir (Acting),1
Ali Asghar Jamali,Noor Muhammad Zakaria,1
Ali Asghar Jamali,Naveed Godil,1
Ali Asghar Jamali,Naved Yunus,1
Ali Asghar Jamali,Naeem Shafi,1
Ali Asghar Jamali,Mustafa Jafar,1
Ali Asghar Jamali,Syed Masood Abbas Jaffery,1
Ali Asghar Jamali,Muhammad Kashif A. Habib,1
Ali Asghar Jamali,Muhammad Farid Alam,1
Ali Asghar Jamali,Muhammad Amin Rajput,1
Ali Asghar Jamali,Muhammad Ali Zeb,1
Ali Asghar Jamali,Muhammad Akram Shahid,1
Ali Asghar Jamali,Mohammed Ali Ahmed,1
Ali Asghar Jamali,Khursheed Anwer Jamal,1
Ali Asghar Jamali,Khalid Sarfaraz Ghori,1
Ali Asghar Jamali,Kamran Munir Ansari,1
Ali Asghar Jamali,Ishtiaq Ahmad,1
Ali Asghar Jamali,Irfan Chawala,1
Ali Asghar Jamali,Imran Qureshi,1
Ali Asghar Jamali,Syed Jarar Haider Kazmi,1
Ali Asghar Jamali,Teizoon Kisat,1
Ahsan M. Saleem,Khurrum Salim,1
Ali Kuli Khan Khattak.,Babar Bashir Nawaz,1
Ali Rathore,Zameer Mohammed Choudrey,1
Ali Rathore,Syed Jarar Haider Kazmi,1
Ali Rathore,Muhammad Tayyab Ahmad Tareen,1
Ali Rathore,Muhammad Kamran Nasir,1
Ali Rathore,Muhammad Irfan-ul-Haq,1
Ali Rathore,Muhammad Adrees,1
Ali Rathore,Irfan Siddiqui,1
Ali Rathore,Asad Nasir,1
Ali Kuli Khan Khattak.,Syed Ali Akbar,1
Ali Kuli Khan Khattak.,Muhammad Faisal Muzammil,1
Ali Kuli Khan Khattak.,Mohammed Yasin Fecto,1
Ali Kuli Khan Khattak.,Jawad Majid Khan,1
Ali Jameel,Zameer Mohammed Choudrey,1
Ali Asghar Jamali,Zia Ijaz,1
Ali Jameel,Syed Jarar Haider Kazmi,1
Ali Jameel,Muhammad Tayyab Ahmad Tareen,1
Ali Jameel,Muhammad Kamran Nasir,1
Ali Jameel,Muhammad Ali Jameel,1
Ali Jameel,Matin Amjad,1
Ali Jameel,Irfan Siddiqui,1
Ali Jameel,Danish Elahi,1
Ali Jameel,Asad Nasir,1
Ali Jameel,Ali Rathore,1
Ali H. Shirazi,Nabeel Anjum Malik,1
Ali Asghar Jamali,Zubair Shaikh,1
Ali Asghar Jamali,Zubair Razzak Palwala,1
Ali Asghar Jamali,Hussain Jamil,1
Ali Asghar Jamali,Hassan Raza,1
Ali Asghar Jamali,Haroon Ahmad Khan,1
Aizid Razzaq Gill,Muhammad Irfan-ul-Haq,1
Akhter Khalid Waheed,Basheer Ahmed Chowdry,1
Akhter Khalid Waheed,Anwaar Ahmad Khan,1
Aizid Razzaq Gill,Zia Hyder Naqi,1
Aizid Razzaq Gill,Zahid Mir,1
Aizid Razzaq Gill,Yousaf Hussain,1
Aizid Razzaq Gill,Taqi Mohammad,1
Aizid Razzaq Gill,Shazad Ali Khan,1
Aizid Razzaq Gill,Shahab Qader Khan,1
Aizid Razzaq Gill,Raheel Qamar Ahmad,1
Aizid Razzaq Gill,Numan Noor,1
Aizid Razzaq Gill,Navid Fazil,1
Aizid Razzaq Gill,Muhtashim Ahmad Ashai,1
Aizid Razzaq Gill,Khurram Shahzad Khan,1
Ali Asghar Jamali,Ghazanfar Baber Siddiqi,1
Aizid Razzaq Gill,Khawar Anwar Khawaja,1
Aizid Razzaq Gill,Jahangir Piracha,1
Aizid Razzaq Gill,Imran Ghani,1
Aizid Razzaq Gill,Faheem Haider,1
Aizid Razzaq Gill,Bakhtiar Hameed Wain,1
Aizid Razzaq Gill,Asad Rasool,1
Aizid Razzaq Gill,Arshad Shehzada,1
Ahsan M. Saleem,Sayeed Tariq Saigol,1
Ahsan M. Saleem,Saquib H. Shirazi,1
Ahsan M. Saleem,Osman Khalid Waheed,1
Ahsan M. Saleem,Najam Aziz Sethi,1
Ahsan M. Saleem,Khursheed Anwer Jamal,1
Akhter Khalid Waheed,Imran Ghafoor,1
Akhter Khalid Waheed,Khawaja Imtaiz Ahmed,1
Akhter Khalid Waheed,Mahmood Akhtar,1
Akhter Khalid Waheed,Masroor Ahmad Khan,1
Ali Asghar Jamali,Farrukh Ifzal,1
Ali Asghar Jamali,Erum Shakir Rahim,1
Ali Asghar Jamali,Amjad Waqar,1
Ali Asghar Jamali,Amir R. Paracha,1
Ali Asghar Jamali,Amer Tufail,1
Ali Alam Qamar,Raheel Asghar,1
Ali Alam Qamar,Najam Aziz Sethi,1
Ali Alam Qamar,Muhammad Murad Saigol,1
Ali Alam Qamar,Muhammad Bilal Ahmed,1
Akhter Khalid Waheed,Usman Zaheer Ahmad,1
Akhter Khalid Waheed,Tayyab Aijaz,1
Akhter Khalid Waheed,Shuaib Anwar Malik,1
Akhter Khalid Waheed,Sheraz Khan,1
Akhter Khalid Waheed,Sayeed Tariq Saigol,1
Akhter Khalid Waheed,Samera Irfan Shaikh,1
Akhter Khalid Waheed,Salim Ullah Ghauri,1
Akhter Khalid Waheed,Rizwan Ahmad,1
Akhter Khalid Waheed,Nazish Ali (Acting),1
Akhter Khalid Waheed,Naveed Riaz,1
Akhter Khalid Waheed,Muhammad Zahid,1
Akhter Khalid Waheed,Muhammad Mohtashim Aftab,1
Akhter Khalid Waheed,Muhammad Imran Malik,1
Akhter Khalid Waheed,Muhammad Asif,1
Akhter Khalid Waheed,Muhammad Akram Shahid,1
Akhter Khalid Waheed,Muhammad Adrees,1
Asif Misbah,Zafar Masud,1
Asif Peer,Azfar Arshad,1
Imran Qureshi,Jamal Nasir Khan,1
Haroon Ahmad Khan,Kamran Munir Ansari,1
Haroon Ahmad Khan,Syed Jarar Haider Kazmi,1
Haroon Ahmad Khan,Syed Anis Ahmed,1
Haroon Ahmad Khan,Shaikh Muhammad Tanveer,1
Haroon Ahmad Khan,Sajjad Iftikhar,1
Haroon Ahmad Khan,Rashid Jahangir (Acting),1
Haroon Ahmad Khan,Mustafa Jafar,1
Haroon Ahmad Khan,Muhammad Kashif A. Habib,1
Haroon Ahmad Khan,Muhammad Farid Alam,1
Haroon Ahmad Khan,Muhammad Amin Rajput,1
Haroon Ahmad Khan,Muhammad Ali Zeb,1
Haroon Ahmad Khan,Mohammed Ali Ahmed,1
Haroon Ahmad Khan,Khursheed Anwer Jamal,1
Haroon Ahmad Khan,Javed Ahmedjee,1
Haroon Ahmad Khan,Zia Ijaz,1
Haroon Ahmad Khan,Irfan Chawala,1
Hafiz Farooq Ahmad,Taha Muhammad Naseem,1
Hafiz Farooq Ahmad,M. Haroon Qassim,1
Ghazanfar Hussain Mirza,Yousuf Mirza,1
Ghazanfar Hussain Mirza,Waseem-ul-Haque Ansari,1
Ghazanfar Hussain Mirza,Syed Muhammad Daniyal,1
Ghazanfar Hussain Mirza,Muhammad Nauman Chughtai,1
Ghazanfar Hussain Mirza,Muhammad Naeem ul Hasnain Mirza,1
Ghazanfar Hussain Mirza,Mr. Munsarim Saifullah,1
Ghazanfar Hussain Mirza,Kamran Arshad Inam,1
Ghazanfar Hussain Mirza,Jamal Nasir Khan,1
Ghazanfar Hussain Mirza,Imran Qureshi,1
Haroon Ahmad Khan,Teizoon Kisat,1
Haroon Ahmad Khan,Zubair Razzak Palwala,1
Ghazanfar Baber Siddiqi,Syed Ather Abbas,1
Hassan Raza,Naved Yunus,1
Hussain Jamil,Ishtiaq Ahmad,1
Hussain Jamil,Imran Qureshi,1
Hatem Bamatraf,Taha Muhammad Naseem,1
Hatem Bamatraf,Salem Rehman,1
Hassan Tahir,Khurram Javaid,1
Hassan Raza,Syed Masood Abbas Jaffery,1
Hassan Raza,Syed Ather Abbas,1
Hassan Raza,Sohail Ahmed,1
Hassan Raza,Shahid Abdullah,1
Hassan Raza,Razak H. M. Bengali,1
Hassan Raza,Noor Muhammad Zakaria,1
Hassan Raza,Naveed Godil,1
Hassan Raza,Naeem Shafi,1
Haroon Ahmad Khan,Zubair Shaikh,1
Hassan Raza,Muzaffar F. Baweja,1
Hassan Raza,Muhammad Akram Shahid,1
Hassan Raza,Khalid Sarfaraz Ghori,1
Hassan Raza,Javed Ahmedjee,1
Hassan Raza,Ishtiaq Ahmad,1
Hassan Raza,Imran Qureshi,1
Hassan Raza,Hussain Jamil,1
Hasnain Aslam,Saquib H. Shirazi,1
Hasnain Aslam,Osman Khalid Waheed,1
Hasnain Aslam,Kamran Kamal,1
Hasnain Aslam,Kamal Mahmood Amjad Mian,1
Haroon Shahzada Ellahi Shaikh,Mohammad Naeem Mukhtar,1
Ghazanfar Baber Siddiqi,Syed Masood Abbas Jaffery,1
Ghazanfar Baber Siddiqi,Sohail Ahmed,1
Farrukh Ifzal,Kamran Munir Ansari,1
Farrukh Ifzal,Zubair Razzak Palwala,1
Farrukh Sabzwari,Muhammad Rizwan ul Haque,1
Farrukh Sabzwari,Muhammad Ejaz,1
Farrukh Sabzwari,Muhammad Ehtisham Khan,1
Farrukh Sabzwari,Muhammad Aminuddin,1
Farrukh Sabzwari,Moin Ur Rehman,1
Farrukh Sabzwari,Kashan Hasan,1
Farrukh Sabzwari,Kamran Arshad Inam,1
Farrukh Sabzwari,Jamal Nasir Khan,1
Farrukh Sabzwari,Imran Maqbool,1
Farrukh Sabzwari,Imran Ghani,1
Farrukh Sabzwari,Iffat Zehra Mankani,1
Farrukh Ifzal,Zubair Shaikh,1
Farrukh Ifzal,Zia Ijaz,1
Farrukh Sabzwari,Mujtaba Ahmad,1
Farrukh Ifzal,Teizoon Kisat,1
Farrukh Ifzal,Syed Jarar Haider Kazmi,1
Farrukh Ifzal,Syed Anis Ahmed,1
Farrukh Ifzal,Shaikh Muhammad Tanveer,1
Farrukh Ifzal,Sajjad Iftikhar,1
Farrukh Ifzal,Rashid Jahangir (Acting),1
Farrukh Ifzal,Mustafa Jafar,1
Farrukh Ifzal,Muhammad Kashif A. Habib,1
Farrukh Ifzal,Muhammad Farid Alam,1
Farrukh Ifzal,Muhammad Amin Rajput,1
Farrukh Ifzal,Muhammad Ali Zeb,1
Farrukh Ifzal,Mohammed Ali Ahmed,1
Farrukh Sabzwari,Muhammad Shoaib Ibrahim,1
Farrukh Sabzwari,Najm-ul- Hassan,1
Ghazanfar Baber Siddiqi,Shahid Abdullah,1
Fawad Ahmed Mukhtar,Zain Ashraf Mukaty,1
Ghazanfar Baber Siddiqi,Razak H. M. Bengali,1
Ghazanfar Baber Siddiqi,Noor Muhammad Zakaria,1
Ghazanfar Baber Siddiqi,Naveed Godil,1
Ghazanfar Baber Siddiqi,Naved Yunus,1
Ghazanfar Baber Siddiqi,Naeem Shafi,1
Ghazanfar Baber Siddiqi,Muzaffar F. Baweja,1
Ghazanfar Baber Siddiqi,Muhammad Akram Shahid,1
Ghazanfar Baber Siddiqi,Khalid Sarfaraz Ghori,1
Ghazanfar Baber Siddiqi,Javed Ahmedjee,1
Ghazanfar Baber Siddiqi,Ishtiaq Ahmad,1
Ghazanfar Baber Siddiqi,Imran Qureshi,1
Ghazanfar Baber Siddiqi,Hussain Jamil,1
Fawad Ahmed Mukhtar,Raza Mansha,1
Farrukh Sabzwari,Nassir Salim,1
Fawad Ahmed Mukhtar,Muhammad Murad Saigol,1
Farrukh Sabzwari,Zafar Masud,1
Farrukh Sabzwari,Yousuf Mirza,1
Farrukh Sabzwari,Usman Zaheer Ahmad,1
Farrukh Sabzwari,Syed Muhammad Taha,1
Farrukh Sabzwari,Syed Muhammad Daniyal,1
Farrukh Sabzwari,Syed Masood Abbas Jaffery,1
Farrukh Sabzwari,Sohail H Hydari,1
Farrukh Sabzwari,Shahid Ali Habib,1
Farrukh Sabzwari,Shabbir Diwan,1
Farrukh Sabzwari,Rizwan Akhtar,1
Farrukh Sabzwari,Qawi Naseer,1
Hussain Jamil,Javed Ahmedjee,1
Hussain Jamil,Khalid Sarfaraz Ghori,1
Hussain Jamil,Muhammad Akram Shahid,1
Imran Ghani,Numan Noor,1
Imran Ghani,Taqi Mohammad,1
Imran Ghani,Syed Muhammad Taha,1
Imran Ghani,Syed Muhammad Daniyal,1
Imran Ghani,Syed Masood Abbas Jaffery,1
Imran Ghani,Sohail H Hydari,1
Imran Ghani,Shazad Ali Khan,1
Imran Ghani,Shahid Ali Habib,1
Imran Ghani,Shahab Qader Khan,1
Imran Ghani,Shabbir Diwan,1
Imran Ghani,Rizwan Akhtar,1
Imran Ghani,Raheel Qamar Ahmad,1
Imran Ghani,Qawi Naseer,1
Imran Ghani,Navid Fazil,1
Imran Ghani,Yousaf Hussain,1
Imran Ghani,Nassir Salim,1
Imran Ghani,Najm-ul- Hassan,1
Imran Ghani,Mujtaba Ahmad,1
Imran Ghani,Muhtashim Ahmad Ashai,1
Imran Ghani,Muhammad Shoaib Ibrahim,1
Imran Ghani,Muhammad Rizwan ul Haque,1
Imran Ghani,Muhammad Irfan-ul-Haq,1
Imran Ghani,Muhammad Ejaz,1
Imran Ghani,Muhammad Ehtisham Khan,1
Imran Ghani,Muhammad Aminuddin,1
Imran Ghani,Moin Ur Rehman,1
Imran Ghani,Khurram Shahzad Khan,1
Imran Ghani,Usman Zaheer Ahmad,1
Imran Ghani,Yousuf Mirza,1
Hussain Jamil,Muzaffar F. Baweja,1
Imran Maqbool,Nassir Salim,1
Imran Qureshi,Ishtiaq Ahmad,1
Imran Maqbool,Zafar Masud,1
Imran Maqbool,Yousuf Mirza,1
Imran Maqbool,Usman Zaheer Ahmad,1
Aamir Fayyaz Sheikh,Basir Shamsie,1
Imran Maqbool,Syed Muhammad Daniyal,1
Imran Maqbool,Syed Masood Abbas Jaffery,1
Imran Maqbool,Sohail H Hydari,1
Imran Maqbool,Shahid Ali Habib,1
Imran Maqbool,Shabbir Diwan,1
Imran Maqbool,Rizwan Akhtar,1
Imran Maqbool,Qawi Naseer,1
Imran Maqbool,Najm-ul- Hassan,1
Imran Ghani,Zafar Masud,1
Imran Maqbool,Mujtaba Ahmad,1
Imran Maqbool,Muhammad Shoaib Ibrahim,1
Imran Maqbool,Muhammad Rizwan ul Haque,1
Imran Maqbool,Muhammad Ejaz,1
Imran Maqbool,Muhammad Ehtisham Khan,1
Imran Maqbool,Muhammad Aminuddin,1
Imran Maqbool,Moin Ur Rehman,1
Imran Maqbool,Kashan Hasan,1
Imran Maqbool,Kamran Arshad Inam,1
Imran Maqbool,Jamal Nasir Khan,1
Imran Ghani,Zia Hyder Naqi,1
Imran Ghani,Zahid Mir,1
Imran Ghani,Khawar Anwar Khawaja,1
Imran Ghani,Kashan Hasan,1
Imran Ghani,Kamran Arshad Inam,1
Iffat Zehra Mankani,Kashan Hasan,1
Iffat Zehra Mankani,Shabbir Diwan,1
Iffat Zehra Mankani,Rizwan Akhtar,1
Iffat Zehra Mankani,Qawi Naseer,1
Iffat Zehra Mankani,Nassir Salim,1
Iffat Zehra Mankani,Najm-ul- Hassan,1
Iffat Zehra Mankani,Mujtaba Ahmad,1
Iffat Zehra Mankani,Muhammad Shoaib Ibrahim,1
Iffat Zehra Mankani,Muhammad Rizwan ul Haque,1
Iffat Zehra Mankani,Muhammad Ejaz,1
Iffat Zehra Mankani,Muhammad Ehtisham Khan,1
Iffat Zehra Mankani,Muhammad Aminuddin,1
Iffat Zehra Mankani,Moin Ur Rehman,1
Iffat Zehra Mankani,Kamran Arshad Inam,1
Imran Ghani,Jamal Nasir Khan,1
Iffat Zehra Mankani,Jamal Nasir Khan,1
Iffat Zehra Mankani,Imran Maqbool,1
Iffat Zehra Mankani,Imran Ghani,1
Hussain Jamil,Syed Masood Abbas Jaffery,1
Hussain Jamil,Syed Ather Abbas,1
Hussain Jamil,Sohail Ahmed,1
Hussain Jamil,Shahid Abdullah,1
Hussain Jamil,Razak H. M. Bengali,1
Hussain Jamil,Noor Muhammad Zakaria,1
Hussain Jamil,Naveed Godil,1
Hussain Jamil,Naved Yunus,1
Hussain Jamil,Naeem Shafi,1
Iffat Zehra Mankani,Shahid Ali Habib,1
Iffat Zehra Mankani,Sohail H Hydari,1
Iffat Zehra Mankani,Syed Masood Abbas Jaffery,1
Iffat Zehra Mankani,Syed Muhammad Daniyal,1
Imran Ghani,Jahangir Piracha,1
Imran Ghani,Imran Maqbool,1
Imran Ghafoor,Usman Zaheer Ahmad,1
Imran Ghafoor,Tayyab Aijaz,1
Imran Ghafoor,Shuaib Anwar Malik,1
Imran Ghafoor,Sheraz Khan,1
Imran Ghafoor,Sayeed Tariq Saigol,1
Imran Ghafoor,Samera Irfan Shaikh,1
Imran Ghafoor,Salim Ullah Ghauri,1
Imran Ghafoor,Rizwan Ahmad,1
Imran Ghafoor,Nazish Ali (Acting),1
Imran Ghafoor,Naveed Riaz,1
Imran Ghafoor,Muhammad Zahid,1
Imran Ghafoor,Muhammad Mohtashim Aftab,1
Imran Ghafoor,Muhammad Imran Malik,1
Imran Ghafoor,Muhammad Asif,1
Imran Ghafoor,Muhammad Akram Shahid,1
Imran Ghafoor,Muhammad Adrees,1
Imran Ghafoor,Masroor Ahmad Khan,1
Imran Ghafoor,Mahmood Akhtar,1
Imran Ghafoor,Khawaja Imtaiz Ahmed,1
Iffat Zehra Mankani,Zafar Masud,1
Iffat Zehra Mankani,Yousuf Mirza,1
Iffat Zehra Mankani,Usman Zaheer Ahmad,1
Iffat Zehra Mankani,Syed Muhammad Taha,1
Farrukh Ifzal,Khursheed Anwer Jamal,1
Farrukh Ifzal,Javed Ahmedjee,1
Asif Peer,Faisal Hussain,1
Azfar Arshad,Moin Ur Rehman,1
Azfar Arshad,Qawi Naseer,1
Azfar Arshad,Nassir Salim,1
Azfar Arshad,Najm-ul- Hassan,1
Azfar Arshad,Mujtaba Ahmad,1
Azfar Arshad,Muhammad Shoaib Ibrahim,1
Azfar Arshad,Muhammad Rizwan ul Haque,1
Azfar Arshad,Muhammad Nauman Chughtai,1
Azfar Arshad,Muhammad Naeem ul Hasnain Mirza,1
Azfar Arshad,Muhammad Ejaz,1
Azfar Arshad,Muhammad Ehtisham Khan,1
Azfar Arshad,Muhammad Aminuddin,1
Azfar Arshad,Mr. Munsarim Saifullah,1
Azfar Arshad,Kashan Hasan,1
Azfar Arshad,Shabbir Diwan,1
Azfar Arshad,Imran Qureshi,1
Azfar Arshad,Imran Maqbool,1
Azfar Arshad,Imran Ghani,1
Azfar Arshad,Iffat Zehra Mankani,1
Azfar Arshad,Ghazanfar Hussain Mirza,1
Azfar Arshad,Farrukh Sabzwari,1
Azfar Arshad,Faisal Hussain,1
Azam Faruque,Shaheen Amin,1
Azam Faruque,Nabeel Anjum Malik,1
Ayaz Dawood,Rehman Naseem,1
Atif Aslam Bajwa,Rehman Naseem,1
Atif Aslam Bajwa,Ayaz Dawood,1
Azfar Arshad,Rizwan Akhtar,1
Azfar Arshad,Shahid Ali Habib,1
Assad Saifullah Khan,Raza Mansha,1
Bakhtiar Hameed Wain,Khurram Shahzad Khan,1
Basheer Ahmed Chowdry,Imran Ghafoor,1
Bakhtiar Hameed Wain,Zia Hyder Naqi,1
Bakhtiar Hameed Wain,Zahid Mir,1
Bakhtiar Hameed Wain,Yousaf Hussain,1
Bakhtiar Hameed Wain,Taqi Mohammad,1
Bakhtiar Hameed Wain,Shazad Ali Khan,1
Bakhtiar Hameed Wain,Shahab Qader Khan,1
Bakhtiar Hameed Wain,Raheel Qamar Ahmad,1
Bakhtiar Hameed Wain,Numan Noor,1
Bakhtiar Hameed Wain,Navid Fazil,1
Bakhtiar Hameed Wain,Muhtashim Ahmad Ashai,1
Bakhtiar Hameed Wain,Muhammad Irfan-ul-Haq,1
Bakhtiar Hameed Wain,Khawar Anwar Khawaja,1
Azfar Arshad,Sohail H Hydari,1
Bakhtiar Hameed Wain,Jahangir Piracha,1
Bakhtiar Hameed Wain,Imran Ghani,1
Bakhtiar Hameed Wain,Faheem Haider,1
Babar Bashir Nawaz,Syed Ali Akbar,1
Babar Bashir Nawaz,Muhammad Faisal Muzammil,1
Babar Bashir Nawaz,Mohammed Yasin Fecto,1
Babar Bashir Nawaz,Jawad Majid Khan,1
Azfar Arshad,Zafar Masud,1
Azfar Arshad,Waseem-ul-Haque Ansari,1
Azfar Arshad,Usman Zaheer Ahmad,1
Azfar Arshad,Syed Muhammad Taha,1
Azfar Arshad,Syed Masood Abbas Jaffery,1
Assad Saifullah Khan,Zain Ashraf Mukaty,1
Assad Saifullah Khan,Muhammad Murad Saigol,1
Farrukh Ifzal,Irfan Chawala,1
Asif Peer,Mujtaba Ahmad,1
Asif Peer,Zafar Masud,1
Asif Peer,Yousuf Mirza,1
Asif Peer,Usman Zaheer Ahmad,1
Asif Peer,Syed Muhammad Taha,1
Asif Peer,Syed Muhammad Daniyal,1
Asif Peer,Syed Masood Abbas Jaffery,1
Asif Peer,Sohail H Hydari,1
Asif Peer,Shabbir Diwan,1
Asif Peer,Rizwan Akhtar,1
Asif Peer,Qawi Naseer,1
Asif Peer,Nassir Salim,1
Asif Peer,Najm-ul- Hassan,1
Asif Peer,Muhammad Shoaib Ibrahim,1
Asmer Baig,Faisal Hussain,1
Asif Peer,Muhammad Rizwan ul Haque,1
Asif Peer,Muhammad Ehtisham Khan,1
Asif Peer,Muhammad Aminuddin,1
Asif Peer,Moin Ur Rehman,1
Asif Peer,Kashan Hasan,1
Asif Peer,Kamran Arshad Inam,1
Asif Peer,Jehanzeb Zafar,1
Asif Peer,Jamal Nasir Khan,1
Asif Peer,Imran Maqbool,1
Asif Peer,Imran Ghani,1
Asif Peer,Iffat Zehra Mankani,1
Asif Peer,Farrukh Sabzwari,1
Asmer Baig,Azfar Arshad,1
Asmer Baig,Farrukh Sabzwari,1
Assad Saifullah Khan,Fawad Ahmed Mukhtar,1
Asmer Baig,Nassir Salim,1
Assad Saifullah Khan,Fahd Kamal Chinoy,1
Asmer Baig,Zafar Masud,1
Asmer Baig,Yousuf Mirza,1
Asmer Baig,Usman Zaheer Ahmad,1
Asmer Baig,Syed Muhammad Taha,1
Asmer Baig,Syed Muhammad Daniyal,1
Asmer Baig,Syed Masood Abbas Jaffery,1
Asmer Baig,Sohail H Hydari,1
Asmer Baig,Shahid Ali Habib,1
Asmer Baig,Shabbir Diwan,1
Asmer Baig,Rizwan Akhtar,1
Asmer Baig,Qawi Naseer,1
Asmer Baig,Najm-ul- Hassan,1
Asmer Baig,Iffat Zehra Mankani,1
Asmer Baig,Mujtaba Ahmad,1
Asmer Baig,Muhammad Shoaib Ibrahim,1
Asmer Baig,Muhammad Rizwan ul Haque,1
Asmer Baig,Muhammad Ejaz,1
Asmer Baig,Muhammad Ehtisham Khan,1
Asmer Baig,Muhammad Aminuddin,1
Asmer Baig,Moin Ur Rehman,1
Asmer Baig,Kashan Hasan,1
Asmer Baig,Kamran Arshad Inam,1
Asmer Baig,Jamal Nasir Khan,1
Asmer Baig,Imran Maqbool,1
Asmer Baig,Imran Ghani,1
Basheer Ahmed Chowdry,Khawaja Imtaiz Ahmed,1
Basheer Ahmed Chowdry,Mahmood Akhtar,1
Basheer Ahmed Chowdry,Masroor Ahmad Khan,1
Faheem Haider,Shahab Qader Khan,1
Fahim Kapadia,Sayeed Tariq Saigol,1
Fahim Kapadia,Najam Aziz Sethi,1
Fahim Kapadia,Khursheed Anwer Jamal,1
Fahim Kapadia,Khurrum Salim,1
Fahim Kapadia,Irfan Chawala,1
Fahim Kapadia,Imran Qureshi,1
Faheem Haider,Zia Hyder Naqi,1
Faheem Haider,Zahid Mir,1
Faheem Haider,Yousaf Hussain,1
Faheem Haider,Taqi Mohammad,1
Faheem Haider,Syed Sheharyar Ali,1
Faheem Haider,Shazad Ali Khan,1
Faheem Haider,Raheel Qamar Ahmad,1
Faisal Hussain,Farrukh Sabzwari,1
Faheem Haider,Numan Noor,1
Faheem Haider,Muhtashim Ahmad Ashai,1
Faheem Haider,Muhammad Irfan-ul-Haq,1
Faheem Haider,Mohammad Baig,1
Faheem Haider,M. Habibullah Khan,1
Faheem Haider,Khurram Shahzad Khan,1
Faheem Haider,Khawar Anwar Khawaja,1
Faheem Haider,Jahangir Piracha,1
Faheem Haider,Imran Ghani,1
Fahd Kamal Chinoy,Zain Ashraf Mukaty,1
Fahd Kamal Chinoy,Taha Muhammad Naseem,1
Fahd Kamal Chinoy,Salem Rehman,1
Faisal Ahmed Mukhtar,Muhammad Jawaid Iqbal,1
Faisal Hussain,Iffat Zehra Mankani,1
Basheer Ahmed Chowdry,Muhammad Adrees,1
Faisal Hussain,Nassir Salim,1
Farrukh Ifzal,Haroon Ahmad Khan,1
Faisal Hussain,Zafar Masud,1
Faisal Hussain,Yousuf Mirza,1
Faisal Hussain,Usman Zaheer Ahmad,1
Faisal Hussain,Syed Muhammad Taha,1
Faisal Hussain,Syed Muhammad Daniyal,1
Faisal Hussain,Syed Masood Abbas Jaffery,1
Faisal Hussain,Sohail H Hydari,1
Faisal Hussain,Shahid Ali Habib,1
Faisal Hussain,Shabbir Diwan,1
Faisal Hussain,Rizwan Akhtar,1
Faisal Hussain,Qawi Naseer,1
Faisal Hussain,Najm-ul- Hassan,1
Faisal Hussain,Imran Ghani,1
Faisal Hussain,Mujtaba Ahmad,1
Faisal Hussain,Muhammad Shoaib Ibrahim,1
Faisal Hussain,Muhammad Rizwan ul Haque,1
Faisal Hussain,Muhammad Ejaz,1
Faisal Hussain,Muhammad Ehtisham Khan,1
Faisal Hussain,Muhammad Aminuddin,1
Faisal Hussain,Moin Ur Rehman,1
Faisal Hussain,Mohammad Naeem Mukhtar,1
Faisal Hussain,Kashan Hasan,1
Faisal Hussain,Kamran Arshad Inam,1
Faisal Hussain,Jamal Nasir Khan,1
Faisal Hussain,Imran Maqbool,1
Fahd Kamal Chinoy,Raza Mansha,1
Fahd Kamal Chinoy,Muhammad Murad Saigol,1
Fahd Kamal Chinoy,Hatem Bamatraf,1
Basheer Ahmed Chowdry,Tayyab Aijaz,1
Dr. ShahIn Kuli Khan Khattak,Mahfuz-ur-Rehman Pasha,1
Dr. Munir Ahmed,Tanveer Karamat,1
Dr. Munir Ahmed,Qamar Manzoor,1
Dr. Munir Ahmed,Naved Yunus,1
Dr. Munir Ahmed,Mujtaba Ahmad,1
Dr. Munir Ahmed,Mr. Muhammad Nadeem,1
Danish Elahi,Muhammad Ali Jameel,1
Danish Elahi,Matin Amjad,1
Bilal Sharif,Mohammed Zaki Bashir,1
Basit Rehman Malik,Nadeem Ellahi Shaikh,1
Basit Rehman Malik,Nadeem Atta Sheikh,1
Basheer Ahmed Chowdry,Usman Zaheer Ahmad,1
Basheer Ahmed Chowdry,Shuaib Anwar Malik,1
Fahd Kamal Chinoy,Fawad Ahmed Mukhtar,1
Basheer Ahmed Chowdry,Sheraz Khan,1
Basheer Ahmed Chowdry,Sayeed Tariq Saigol,1
Basheer Ahmed Chowdry,Samera Irfan Shaikh,1
Basheer Ahmed Chowdry,Salim Ullah Ghauri,1
Basheer Ahmed Chowdry,Rizwan Ahmad,1
Basheer Ahmed Chowdry,Nazish Ali (Acting),1
Basheer Ahmed Chowdry,Naveed Riaz,1
Basheer Ahmed Chowdry,Muhammad Zahid,1
Basheer Ahmed Chowdry,Muhammad Mohtashim Aftab,1
Basheer Ahmed Chowdry,Muhammad Imran Malik,1
Basheer Ahmed Chowdry,Muhammad Asif,1
Basheer Ahmed Chowdry,Muhammad Akram Shahid,1
Dr. ShahIn Kuli Khan Khattak,Shehryar Ali Taseer,1
Duraid Qureshi,Khawaja Khalil Shah,1
Duraid Qureshi,Muhammad Bilal Ahmed,1
Duraid Qureshi,Muhammad Nauman Chughtai,1
Erum Shakir Rahim,Syed Masood Abbas Jaffery,1
Erum Shakir Rahim,Syed Ather Abbas,1
Erum Shakir Rahim,Sohail Ahmed,1
Erum Shakir Rahim,Shahid Abdullah,1
Erum Shakir Rahim,Razak H. M. Bengali,1
Erum Shakir Rahim,Noor Muhammad Zakaria,1
Erum Shakir Rahim,Naveed Godil,1
Erum Shakir Rahim,Naved Yunus,1
Erum Shakir Rahim,Naeem Shafi,1
Erum Shakir Rahim,Muzaffar F. Baweja,1
Erum Shakir Rahim,Muhammad Akram Shahid,1
Erum Shakir Rahim,Khalid Sarfaraz Ghori,1
Erum Shakir Rahim,Javed Ahmedjee,1
Erum Shakir Rahim,Ishtiaq Ahmad,1
Erum Shakir Rahim,Imran Qureshi,1
Erum Shakir Rahim,Hussain Jamil,1
Erum Shakir Rahim,Hassan Raza,1
Erum Shakir Rahim,Ghazanfar Baber Siddiqi,1
Duraid Qureshi,Yousaf Hussain,1
Duraid Qureshi,Yasir Siddique Sheikh,1
Duraid Qureshi,Sheraz Khan,1
Duraid Qureshi,Shahab Qader Khan,1
Duraid Qureshi,Rizwan Ata,1
Duraid Qureshi,Mussaid Hanif,1
Duraid Qureshi,Muhtashim Ahmad Ashai,1
Zubair Razzak Palwala,Zubair Shaikh,1
