source,target,category,color
Ahmed Hayat Lak,University Of London,Bachelor Institute,#1f77b4
Ahmed Hayat Lak,University Of Wolverhampton,Masters Institute,#2ca02c
Muhammad Jawaid Iqbal,Bahauddin Zakariya University,Masters Institute,#2ca02c
Muhammad Jawaid Iqbal,Cfa Institute,Professional Qualifications,#9467bd
Faheem Haider,University Of Engineering And Technology,Bachelor Institute,#1f77b4
Faheem Haider,Imperial College London,Masters Institute,#2ca02c
Faheem Haider,University Of Oxford,Masters Institute,#2ca02c
Irfan Siddiqui,Institute Of Chartered Accountants In England And Wales,Professional Qualifications,#9467bd
Jahangir Piracha,University Of Engineering And Technology,Bachelor Institute,#1f77b4
Sikandar Ali Memon,Mehran University Of Engineering And Technology,Bachelor Institute,#1f77b4
Nassir Salim,Institute Of Business Administration Karachi,Masters Institute,#2ca02c
Rehmat Ali Hasnie,College Of Wooster,Bachelor Institute,#1f77b4
Rehmat Ali Hasnie,American University,Masters Institute,#2ca02c
Muhammad Nauman Chughtai,Ned University Of Engineering And Technology,Bachelor Institute,#1f77b4
Muhammad Nauman Chughtai,Lahore University Of Management Sciences,Masters Institute,#2ca02c
Muhammad Nauman Chughtai,Cfa Institute,Professional Qualifications,#9467bd
Syed Ali Akbar,Quaid-I-Azam University,Bachelor Institute,#1f77b4
Zameer Mohammed Choudrey,University Of Kent,Bachelor Institute,#1f77b4
Zameer Mohammed Choudrey,Institute Of Chartered Accountants In England And Wales,Professional Qualifications,#9467bd
Jason Avanceña,De La Salle University,Bachelor Institute,#1f77b4
Jason Avanceña,Gabelli School Of Business,Masters Institute,#2ca02c
Zulfiqar Ali Lakhani,Stanford University,Bachelor Institute,#1f77b4
Zulfiqar Ali Lakhani,Wharton School Of The University Of Pennsylvania,Masters Institute,#2ca02c
Fawad Ahmed Mukhtar,University Of Pennsylvania,Bachelor Institute,#1f77b4
Ali Rathore,London Metropolitan University,Bachelor Institute,#1f77b4
Ali Rathore,Kellogg School Of Management,Masters Institute,#2ca02c
Ali Rathore,Institute Of Chartered Accountants In England And Wales,Professional Qualifications,#9467bd
Abdul Samad Dawood,University College London,Bachelor Institute,#1f77b4
Kamran Kamal,Georgia Institute Of Technology,Bachelor Institute,#1f77b4
Kamran Kamal,Harvard University,Masters Institute,#2ca02c
Rehan Shaikh,Upsala College,Bachelor Institute,#1f77b4
Asif Peer,National University Of Computer And Emerging Sciences,Bachelor Institute,#1f77b4
Asif Peer,Institute Of Business Administration Karachi,Masters Institute,#2ca02c
Aizid Razzaq Gill,University Of Engineering And Technology,Bachelor Institute,#1f77b4
Aizid Razzaq Gill,California State University,Masters Institute,#2ca02c
Syed Muhammad Taha,Institute Of Business Administration Karachi,Masters Institute,#2ca02c
Syed Moonis Abdullah Alvi,Federal Government Cantt Public School,Bachelor Institute,#1f77b4
Hatem Bamatraf,Etisalat University College,Bachelor Institute,#1f77b4
Hatem Bamatraf,Insead,Masters Institute,#2ca02c
Amir R. Paracha,Karachi University,Bachelor Institute,#1f77b4
Amir R. Paracha,Institute Of Business Administration Karachi,Masters Institute,#2ca02c
Shuaib Anwar Malik,Punjab University,Bachelor Institute,#1f77b4
Atif Aslam Bajwa,Columbia University,Bachelor Institute,#1f77b4
Saquib H. Shirazi,Wharton School Of The University Of Pennsylvania,Bachelor Institute,#1f77b4
Saquib H. Shirazi,Harvard University,Masters Institute,#2ca02c
Ali Asghar Jamali,Karachi University,Bachelor Institute,#1f77b4
Ali Asghar Jamali,Institute Of Chartered Accountants Of Pakistan,Professional Qualifications,#9467bd
Asad Rasool,University Of Engineering And Technology,Bachelor Institute,#1f77b4
Asad Rasool,University Of New South Wales,Masters Institute,#2ca02c
Asad Rasool,Chartered Accountants Australia And New Zealand,Professional Qualifications,#9467bd
Asif Jooma,Boston University,Bachelor Institute,#1f77b4
Qamar Manzoor,Dawood University Of Engineering And Technology,Bachelor Institute,#1f77b4
Qamar Manzoor,University Of Tennessee,Masters Institute,#2ca02c
Mr. Munsarim Saifullah,Ned University Of Engineering And Technology,Bachelor Institute,#1f77b4
Yousaf Hussain,University Of Engineering And Technology,Bachelor Institute,#1f77b4
Yousaf Hussain,Lahore University Of Management Sciences,Masters Institute,#2ca02c
Zia Ijaz,Federal College Of Commerce,Bachelor Institute,#1f77b4
Zia Ijaz,American Institute Of Certified Public Accountants,Professional Qualifications,#9467bd
Zia Ijaz,Institute Of Chartered Accountants Of Pakistan,Professional Qualifications,#9467bd
Erum Shakir Rahim,Karachi University,Bachelor Institute,#1f77b4
Erum Shakir Rahim,Karachi University,Masters Institute,#2ca02c
Khurram Shahzad Khan,University Of Engineering And Technology,Bachelor Institute,#1f77b4
Khurram Shahzad Khan,University Of Rochester,Masters Institute,#2ca02c
Syed Anis Ahmed,Institute Of Chartered Accountants Of Pakistan,Professional Qualifications,#9467bd
Zafar Masud,Institute Of Business Administration Karachi,Masters Institute,#2ca02c
Qawi Naseer,Institute Of Business Administration Karachi,Masters Institute,#2ca02c
Sayeed Tariq Saigol,Government College,Bachelor Institute,#1f77b4
Sayeed Tariq Saigol,Punjab University,Bachelor Institute,#1f77b4
Raza Mansha,University Of Pennsylvania,Bachelor Institute,#1f77b4
Raheel Asghar,University Of Cambridge,Bachelor Institute,#1f77b4
Navid Fazil,University Of Engineering And Technology,Bachelor Institute,#1f77b4
Navid Fazil,University Of Oxford,Masters Institute,#2ca02c
Syed Jarar Haider Kazmi,Institute Of Chartered Accountants In England And Wales,Professional Qualifications,#9467bd
Syed Jarar Haider Kazmi,Institute Of Chartered Accountants Of Pakistan,Professional Qualifications,#9467bd
Nadeem Atta Sheikh,Boston University,Bachelor Institute,#1f77b4
Mohammad Naeem Mukhtar,Cardiff Business School,Masters Institute,#2ca02c
Mohammad Naeem Mukhtar,Textile Institute,Professional Qualifications,#9467bd
Mohammad Naeem Mukhtar,University Of Manchester,Professional Qualifications,#9467bd
Humair Ijaz,Virginia Polytechnic Institute And State University,Bachelor Institute,#1f77b4
Humair Ijaz,Virginia Polytechnic Institute And State University,Masters Institute,#2ca02c
Taufique Sayeed Saigol,Cornell University,Bachelor Institute,#1f77b4
Abrar Hasan,Purdue University,Bachelor Institute,#1f77b4
Amer Tufail,Government College,Bachelor Institute,#1f77b4
Amer Tufail,Institute Of Chartered Accountants Of Pakistan,Professional Qualifications,#9467bd
M. Adil Khattak,Texas Tech University,Masters Institute,#2ca02c
Muhammad Ejaz,Fast National University,Bachelor Institute,#1f77b4
Muhammad Ejaz,National University Of Computer And Emerging Sciences,Bachelor Institute,#1f77b4
Muhammad Ejaz,Institute Of Business Administration Karachi,Masters Institute,#2ca02c
Azam Faruque,Princeton University,Bachelor Institute,#1f77b4
Azam Faruque,University Of Chicago,Masters Institute,#2ca02c
Syed Hyder Ali,University Of Michigan,Bachelor Institute,#1f77b4
Syed Hyder Ali,Institute Of Paper Chemistry,Masters Institute,#2ca02c
Kashan Hasan,Institute Of Business Administration Karachi,Masters Institute,#2ca02c
Arif Saeed,University Of Oxford,Bachelor Institute,#1f77b4
Tahir Ahmed,Bahria University,Masters Institute,#2ca02c
Adeel Abbas Haider,Dow Medical College,Bachelor Institute,#1f77b4
Muhammad Kamran Nasir,Institute Of Chartered Accountants In England And Wales,Professional Qualifications,#9467bd
Muhammad Kamran Nasir,Chartered Certified Accountant From The Association Of Chartered Certified Accountants U.K,Professional Qualifications,#9467bd
Mian Umer Mansha,Babson College,Bachelor Institute,#1f77b4
Usman Zaheer Ahmad,Institute Of Business Administration Karachi,Masters Institute,#2ca02c
Usman Zaheer Ahmad,Punjab University,Masters Institute,#2ca02c
Jawad Majid Khan,F.G Sir Syed College Rawalpindi,Bachelor Institute,#1f77b4
Jawad Majid Khan,Quaid-I-Azam University,Masters Institute,#2ca02c
Zain Ashraf Mukaty,University Of Pennsylvania,Bachelor Institute,#1f77b4
Muhammad Murad Saigol,Soas University Of London,Bachelor Institute,#1f77b4
Muhammad Murad Saigol,University Of Pennsylvania,Masters Institute,#2ca02c
M. Habibullah Khan,Imperial College London,Bachelor Institute,#1f77b4
M. Habibullah Khan,University Of California,Masters Institute,#2ca02c
Raheal Masud,Pakistan Military Academy Kakul,Bachelor Institute,#1f77b4
Samir M. Chinoy,Babson College,Bachelor Institute,#1f77b4
Muhammad Tayyab Ahmad Tareen,Institute Of Chartered Accountants In England And Wales,Professional Qualifications,#9467bd
Muhammad Tayyab Ahmad Tareen,City St George's,Professional Qualifications,#9467bd
Muhammad Tayyab Ahmad Tareen,University Of London,Professional Qualifications,#9467bd
Basir Shamsie,University Of Texas At Austin,Bachelor Institute,#1f77b4
Amir Abbassciy,American College Of Switzerland,Bachelor Institute,#1f77b4
Amir Abbassciy,Business School Lausanne,Masters Institute,#2ca02c
Kamran Munir Ansari,Institute Of Chartered Accountants Of Pakistan,Professional Qualifications,#9467bd
Muhammad Faisal Muzammil,Gordon College Rawalpindi,Bachelor Institute,#1f77b4
Muhammad Faisal Muzammil,Quaid-I-Azam University,Masters Institute,#2ca02c
Rizwan Ata,Lahore University Of Management Sciences,Masters Institute,#2ca02c
Masaya Wakuda,Osaka University,Bachelor Institute,#1f77b4
Young Dae Kim,Ulsan University,Bachelor Institute,#1f77b4
Zubair Shaikh,Institute Of Chartered Accountants Of Pakistan,Professional Qualifications,#9467bd
Hassan Raza,International University,Masters Institute,#2ca02c
Hassan Raza,Karachi University,Masters Institute,#2ca02c
Hasnain Aslam,Harvard University,Bachelor Institute,#1f77b4
Babar Bashir Nawaz,Quaid-I-Azam University,Masters Institute,#2ca02c
Sajjad Iftikhar,Institute Of Chartered Accountants Of Pakistan,Professional Qualifications,#9467bd
Ahmad Kuli Khan Khattak,Pakistan Air Force Academy,Bachelor Institute,#1f77b4
Muhammad Amin Rajput,Institute Of Chartered Accountants Of Pakistan,Professional Qualifications,#9467bd
Dr. Zeeshan Bin Ishtiaque,Nishtar Medical College,Bachelor Institute,#1f77b4
Asad Hasan,Ned University Of Engineering And Technology,Bachelor Institute,#1f77b4
Asad Hasan,University Of Texas At Austin,Masters Institute,#2ca02c
Farrukh Sabzwari,Institute Of Business Administration Karachi,Masters Institute,#2ca02c
Muhtashim Ahmad Ashai,University Of Engineering And Technology,Bachelor Institute,#1f77b4
Muhtashim Ahmad Ashai,Lahore University Of Management Sciences,Masters Institute,#2ca02c
Nadeem Abdullah,Mcgill University,Bachelor Institute,#1f77b4
Agha Humayun Khan (Deceased),Punjab University,Masters Institute,#2ca02c
Muhammad Ali Zeb,Institute Of Chartered Accountants Of Pakistan,Professional Qualifications,#9467bd
Shahab Qader Khan,University Of Engineering And Technology,Bachelor Institute,#1f77b4
Shahab Qader Khan,Lahore University Of Management Sciences,Masters Institute,#2ca02c
Shahid Abdullah,Karachi University,Bachelor Institute,#1f77b4
Isphanyar M. Bhandara,Preston University,Professional Qualifications,#9467bd
Khurram Javaid,Lahore School Of Economics,Bachelor Institute,#1f77b4
Khurram Javaid,Coventry University,Masters Institute,#2ca02c
Samad A. Habib,Institute Of Business Management Karachi,Masters Institute,#2ca02c
Abdul Qayoom Shaikh,Dawood University Of Engineering And Technology,Bachelor Institute,#1f77b4
Sharique Azim Siddiqui,Tufts University,Bachelor Institute,#1f77b4
Sharique Azim Siddiqui,Tufts University,Masters Institute,#2ca02c
Akbar Akhtar Khan,Wright State University,Bachelor Institute,#1f77b4
Akbar Akhtar Khan,Ball State University,Masters Institute,#2ca02c
Yousuf Mirza,Ned University Of Engineering And Technology,Bachelor Institute,#1f77b4
Yousuf Mirza,Institute Of Business Administration Karachi,Masters Institute,#2ca02c
Mohammed Zaki Bashir,Regent'S Business School London,Bachelor Institute,#1f77b4
Asad Nasir,University Of Hull,Bachelor Institute,#1f77b4
Asad Nasir,Institute Of Chartered Accountants In England And Wales,Professional Qualifications,#9467bd
Sakib Eltaff,Oxford Brookes University,Masters Institute,#2ca02c
Sakib Eltaff,Association Of Chartered Certified Accountants,Professional Qualifications,#9467bd
Sakib Eltaff,Certified General Accountant,Professional Qualifications,#9467bd
Muhammad Kashif A. Habib,Institute Of Chartered Accountants Of Pakistan,Professional Qualifications,#9467bd
Kamran Arshad Inam,Ned University Of Engineering And Technology,Bachelor Institute,#1f77b4
Kamran Arshad Inam,Institute Of Business Administration Karachi,Masters Institute,#2ca02c
Zahid Mir,University Of Engineering And Technology,Bachelor Institute,#1f77b4
Zahid Mir,Preston University,Masters Institute,#2ca02c
Zafar Mahmood,Institute Of Cost And Management Accountants Of Pakistan,Professional Qualifications,#9467bd
Muhammad Bilal Ahmed,Lahore University Of Management Sciences,Bachelor Institute,#1f77b4
Muhammad Bilal Ahmed,University Of Cambridge,Masters Institute,#2ca02c
Muhammad Bilal Ahmed,Cfa Institute,Professional Qualifications,#9467bd
Matin Amjad,London School Of Economics And Political Science,Bachelor Institute,#1f77b4
Muhammad Farid Alam,Institute Of Chartered Accountants Of Pakistan,Professional Qualifications,#9467bd
Bakhtiar Hameed Wain,University Of Engineering And Technology,Bachelor Institute,#1f77b4
Rizwan Ahmad,Punjab University,Bachelor Institute,#1f77b4
Rizwan Ahmad,Punjab University,Masters Institute,#2ca02c
Rizwan Ahmad,Punjab University Law College,Masters Institute,#2ca02c
Muhammad Adrees,Punjab University,Bachelor Institute,#1f77b4
Muhammad Adrees,London Metropolitan University,Masters Institute,#2ca02c
Osman Khalid Waheed,Harvard University,Bachelor Institute,#1f77b4
Hassan Javed,Whu-Otto Beisheim School Of Management,Bachelor Institute,#1f77b4
Hassan Javed,Nene College,Professional Qualifications,#9467bd
Hassan Javed,Isms School,Professional Qualifications,#9467bd
Duraid Qureshi,Lahore University Of Management Sciences,Masters Institute,#2ca02c
Hafiz Farooq Ahmad,University Of Illinois,Bachelor Institute,#1f77b4
Asim Ghani,Iqra University,Bachelor Institute,#1f77b4
Asim Ghani,Iqra University,Masters Institute,#2ca02c
Naveed Godil,Karachi University,Bachelor Institute,#1f77b4
Asif Misbah,Institute Of Business Administration Karachi,Bachelor Institute,#1f77b4
Javed Ahmed,Society Of Actuaries,Professional Qualifications,#9467bd
Javed Ahmed,Institute Of Actuaries,Professional Qualifications,#9467bd
Khawaja Khalil Shah,Lahore University Of Management Sciences,Masters Institute,#2ca02c
Khawaja Khalil Shah,Cfa Institute,Professional Qualifications,#9467bd
Azfar Arshad,Ned University Of Engineering And Technology,Bachelor Institute,#1f77b4
Azfar Arshad,Institute Of Business Administration Karachi,Masters Institute,#2ca02c
Mohammed Ali Ahmed,Institute Of Chartered Accountants Of Pakistan,Professional Qualifications,#9467bd
Naved Yunus,Karachi University,Bachelor Institute,#1f77b4
Naved Yunus,University Of Connecticut,Bachelor Institute,#1f77b4
Javed Ahmedjee,Karachi University,Bachelor Institute,#1f77b4
Javed Ahmedjee,Institute Of Chartered Accountants Of Pakistan,Professional Qualifications,#9467bd
Irfan Chawala,Government College,Bachelor Institute,#1f77b4
Irfan Chawala,Institute Of Chartered Accountants Of Pakistan,Professional Qualifications,#9467bd
Kamal Mahmood Amjad Mian,International Islamic University Islamabad,Bachelor Institute,#1f77b4
Kamal Mahmood Amjad Mian,Harvard University,Masters Institute,#2ca02c
Akhter Khalid Waheed,Punjab University,Bachelor Institute,#1f77b4
Dr. Munir Ahmed,Dawood University Of Engineering And Technology,Bachelor Institute,#1f77b4
Dr. Munir Ahmed,University Of Connecticut,Masters Institute,#2ca02c
Dr. Munir Ahmed,University Of Connecticut,Phd Insitute,#ff7f0e
Muhammad Zahid,Punjab University,Bachelor Institute,#1f77b4
Zia Hyder Naqi,University Of Engineering And Technology,Bachelor Institute,#1f77b4
Zia Hyder Naqi,Institute Of Management Sciences,Masters Institute,#2ca02c
Rashid Jahangir (Acting),Institute Of Chartered Accountants Of Pakistan,Professional Qualifications,#9467bd
Babar Mahmood Mirza,University Of Glasgow,Masters Institute,#2ca02c
Syed Muhammad Daniyal,Ned University Of Engineering And Technology,Bachelor Institute,#1f77b4
Syed Muhammad Daniyal,Institute Of Business Administration Karachi,Masters Institute,#2ca02c
Ghazanfar Hussain Mirza,Ned University Of Engineering And Technology,Bachelor Institute,#1f77b4
Faisal Hussain,Cardiff Business School,Masters Institute,#2ca02c
Faisal Hussain,Institute Of Business Administration Karachi,Masters Institute,#2ca02c
Muhammad Adil Ali,Institute Of Business Management Karachi,Masters Institute,#2ca02c
Salim Ullah Ghauri,Punjab University,Bachelor Institute,#1f77b4
Shabbir Diwan,Institute Of Business Administration Karachi,Masters Institute,#2ca02c
Fahd Kamal Chinoy,University Of Pennsylvania,Bachelor Institute,#1f77b4
Fahd Kamal Chinoy,Insead,Masters Institute,#2ca02c
Khursheed Anwer Jamal,Government College,Bachelor Institute,#1f77b4
Khursheed Anwer Jamal,Institute Of Chartered Accountants Of Pakistan,Professional Qualifications,#9467bd
Syed Sheharyar Ali,Saint Louis University,Bachelor Institute,#1f77b4
Syed Sheharyar Ali,Imperial College London,Bachelor Institute,#1f77b4
Muhammad Imran Malik,Punjab University,Masters Institute,#2ca02c
Mahmood Akhtar,Punjab University,Masters Institute,#2ca02c
Zain Shahzad,Queen'S University,Bachelor Institute,#1f77b4
Zain Shahzad,Northwestern University,Masters Institute,#2ca02c
Imran Qureshi,Ned University Of Engineering And Technology,Bachelor Institute,#1f77b4
Imran Qureshi,Karachi University,Bachelor Institute,#1f77b4
Imran Qureshi,Southeastern University,Masters Institute,#2ca02c
Aftab Ahmad,University Of Engineering And Technology,Bachelor Institute,#1f77b4
Ali Alam Qamar,Soas University Of London,Bachelor Institute,#1f77b4
Ali Alam Qamar,University Of Cambridge,Masters Institute,#2ca02c
Adeel Qamar,Gik Institute Of Engineering Sciences And Technology,Bachelor Institute,#1f77b4
Mian Faisal Iftikhar,Wichita State University,Masters Institute,#2ca02c
Mohammad Baig,Imperial College London,Masters Institute,#2ca02c
Manzar Mushtaq,Clark University,Bachelor Institute,#1f77b4
Masroor Ahmad Khan,Punjab University,Bachelor Institute,#1f77b4
Zia Zakaria,Syracuse University,Bachelor Institute,#1f77b4
Anwaar Ahmad Khan,Punjab University,Bachelor Institute,#1f77b4
Rasikh Elahi,Lahore American School,Bachelor Institute,#1f77b4
Rasikh Elahi,University Of Buckingham,Masters Institute,#2ca02c
Shaheen Amin,New York University,Masters Institute,#2ca02c
Shaheen Amin,University Of Chicago,Masters Institute,#2ca02c
Farrukh Ifzal,Institute Of Chartered Accountants Of Pakistan,Professional Qualifications,#9467bd
Shahzad Ahmed,Babson College,Bachelor Institute,#1f77b4
Gulraiz A. Khan,National Defence University Islamabad,Masters Institute,#2ca02c
Gulraiz A. Khan,London Business School,Masters Institute,#2ca02c
Ali H. Shirazi,Yale University,Bachelor Institute,#1f77b4
Ali H. Shirazi,University Of Bristol,Masters Institute,#2ca02c
Tanveer Karamat,Dawood University Of Engineering And Technology,Bachelor Institute,#1f77b4
Hassan Tahir,Lahore School Of Economics,Masters Institute,#2ca02c
Ahsan M. Saleem,Government College,Bachelor Institute,#1f77b4
Ahsan M. Saleem,Harvard University,Masters Institute,#2ca02c
Anwar Moin,Gordon College Rawalpindi,Bachelor Institute,#1f77b4
Yakoob Haji Karim,University Of Salford,Bachelor Institute,#1f77b4
Rehman Naseem,Columbia University,Bachelor Institute,#1f77b4
Shayan Akberali,Northwestern University,Bachelor Institute,#1f77b4
Shahid Ali Habib,National University Of Computer And Emerging Sciences,Bachelor Institute,#1f77b4
Shahid Ali Habib,Institute Of Business Administration Karachi,Masters Institute,#2ca02c
Ghazanfar Baber Siddiqi,Karachi University,Masters Institute,#2ca02c
Ghazanfar Baber Siddiqi,International University,Masters Institute,#2ca02c
Jamal Nasir Khan,Ned University Of Engineering And Technology,Bachelor Institute,#1f77b4
Jamal Nasir Khan,Institute Of Business Administration Karachi,Masters Institute,#2ca02c
Muhammad Akram Shahid,Karachi University,Bachelor Institute,#1f77b4
Muhammad Akram Shahid,Punjab University,Masters Institute,#2ca02c
Muhammad Akram Shahid,Sindh Muslim Government Arts And Commerce College,Masters Institute,#2ca02c
Imran Ghani,University Of Engineering And Technology,Bachelor Institute,#1f77b4
Imran Ghani,University Of Engineering And Technology,Masters Institute,#2ca02c
Imran Ghani,Institute Of Business Administration Karachi,Masters Institute,#2ca02c
Ali Jameel,London School Of Economics And Political Science,Bachelor Institute,#1f77b4
Ali Jameel,Institute Of Chartered Accountants In England And Wales,Professional Qualifications,#9467bd
Aamir Fayyaz Sheikh,University Of Texas At Austin,Bachelor Institute,#1f77b4
Ahmed H. Shaikh,Brown University,Bachelor Institute,#1f77b4
Yasir Siddique Sheikh,Lahore University Of Management Sciences,Bachelor Institute,#1f77b4
Yasir Siddique Sheikh,Lahore University Of Management Sciences,Masters Institute,#2ca02c
Asad Ahmad,Institute Of Business Administration Karachi,Masters Institute,#2ca02c
Mustafa Jafar,Institute Of Chartered Accountants Of Pakistan,Professional Qualifications,#9467bd
Shayan Abdullah,Babson College,Bachelor Institute,#1f77b4
Ahmed Ebrahim Hasham,Tufts University,Bachelor Institute,#1f77b4
Hussain Iqbal Agha,Bentley University,Bachelor Institute,#1f77b4
Hussain Iqbal Agha,Mccallum Graduate School Of Business,Masters Institute,#2ca02c
Hussain Iqbal Agha,Bentley University,Masters Institute,#2ca02c
Khalid Sarfaraz Ghori,Karachi University,Bachelor Institute,#1f77b4
Mohammed Yasin Fecto,Quaid-I-Azam University,Masters Institute,#2ca02c
Amer Faruque,Drake University,Bachelor Institute,#1f77b4
Numan Noor,University Of Engineering And Technology,Bachelor Institute,#1f77b4
Taha Muhammad Naseem,University Of Illinois,Bachelor Institute,#1f77b4
Taha Muhammad Naseem,Insead,Masters Institute,#2ca02c
Umer Shehzad Sheikh,Institute Of Cost And Management Accountants Of Pakistan,Professional Qualifications,#9467bd
Nazish Ali (Acting),Punjab University,Bachelor Institute,#1f77b4
Arshad Shehzada,University Of Engineering And Technology,Bachelor Institute,#1f77b4
Fahim Kapadia,Government College,Bachelor Institute,#1f77b4
Fahim Kapadia,Southeastern University,Bachelor Institute,#1f77b4
Sheraz Khan,Punjab University,Bachelor Institute,#1f77b4
Sheraz Khan,Lahore University Of Management Sciences,Masters Institute,#2ca02c
Najam Aziz Sethi,Government College,Bachelor Institute,#1f77b4
Najam Aziz Sethi,University Of Cambridge,Masters Institute,#2ca02c
Hussain Kuli Khan,Gettysburg College,Bachelor Institute,#1f77b4
Lirene Mora-Suarez,University Of The Philippines,Bachelor Institute,#1f77b4
Ayaz Dawood,Columbia University,Masters Institute,#2ca02c
Muhammad Mohtashim Aftab,Punjab University,Bachelor Institute,#1f77b4
Muhammad Mohtashim Aftab,Institute Of Cost And Management Accountants Of Pakistan,Professional Qualifications,#9467bd
Syed Masood Abbas Jaffery,Karachi University,Bachelor Institute,#1f77b4
Syed Masood Abbas Jaffery,Institute Of Business Administration Karachi,Masters Institute,#2ca02c
Waseem-ul-Haque Ansari,Ned University Of Engineering And Technology,Bachelor Institute,#1f77b4
Waseem-ul-Haque Ansari,Preston University,Masters Institute,#2ca02c
Sarocsh Ahmed,Institute Of Business Management Karachi,Bachelor Institute,#1f77b4
Sarocsh Ahmed,Institute Of Business Management Karachi,Masters Institute,#2ca02c
Faisal Ahmed,Ohio State University,Bachelor Institute,#1f77b4
Shaikh Muhammad Tanveer,Institute Of Chartered Accountants Of Pakistan,Professional Qualifications,#9467bd
Sohail H Hydari,Institute Of Business Administration Karachi,Masters Institute,#2ca02c
Faisal Ahmed Mukhtar,Bahauddin Zakariya University,Masters Institute,#2ca02c
Moin Ur Rehman,Institute Of Business Administration Karachi,Masters Institute,#2ca02c
Syed Aamir Hussain,Southern Arkansas University,Bachelor Institute,#1f77b4
Syed Aamir Hussain,National University,Masters Institute,#2ca02c
Muhammad Aminuddin,Institute Of Business Administration Karachi,Masters Institute,#2ca02c
Muhammad Shoaib Ibrahim,Institute Of Business Administration Karachi,Masters Institute,#2ca02c
Muhammad Shoaib Ibrahim,Centre For Islamic Economics,Masters Institute,#2ca02c
Asmer Baig,National University Of Sciences And Technology,Bachelor Institute,#1f77b4
Asmer Baig,Institute Of Business Administration Karachi,Masters Institute,#2ca02c
Haroon Ahmad Khan,Institute Of Chartered Accountants Of Pakistan,Professional Qualifications,#9467bd
Abdul Waheed,Punjab University,Masters Institute,#2ca02c
M. Zeid Yousuf Saigol,Carnegie Mellon University,Bachelor Institute,#1f77b4
Hussain Jamil,Karachi University,Bachelor Institute,#1f77b4
Bilal Sharif,Regent'S Business School London,Bachelor Institute,#1f77b4
Bilal Sharif,American University Of London,Bachelor Institute,#1f77b4
Fareed Mughis Sheikh,University Of Denver,Bachelor Institute,#1f77b4
Anjum Adil,Alma College,Bachelor Institute,#1f77b4
Mohammad Hussain Hirji,Depaul University,Bachelor Institute,#1f77b4
Mohammad Hussain Hirji,Depaul University,Masters Institute,#2ca02c
Mehreen Obaid Agha,Mount Holyoke College,Bachelor Institute,#1f77b4
Dr. Mahmood Ahmad,Army Medical College,Professional Qualifications,#9467bd
Samera Irfan Shaikh,Lahore College For Women University,Bachelor Institute,#1f77b4
Samera Irfan Shaikh,Punjab University,Masters Institute,#2ca02c
Naveed M. Sheikh,University Of San Francisco,Bachelor Institute,#1f77b4
Aslam Faruque,University Of The Pacific,Bachelor Institute,#1f77b4
Amir Ahmed Chapra,University Of West Florida,Bachelor Institute,#1f77b4
Khurrum Salim,Government College,Bachelor Institute,#1f77b4
Salem Rehman,Purdue University,Bachelor Institute,#1f77b4
Salem Rehman,Insead,Masters Institute,#2ca02c
Tayyab Aijaz,Punjab University,Bachelor Institute,#1f77b4
Tayyab Aijaz,Pak-American Institute Of Management Sciences,Masters Institute,#2ca02c
Ahmad Shafi,American University,Bachelor Institute,#1f77b4
Ahmad Shafi,Concordia University,Bachelor Institute,#1f77b4
Razak H. M. Bengali,Karachi University,Bachelor Institute,#1f77b4
Zubair Razzak Palwala,Institute Of Chartered Accountants Of Pakistan,Professional Qualifications,#9467bd
Iffat Zehra Mankani,Rotman School Of Management,Masters Institute,#2ca02c
Iffat Zehra Mankani,Institute Of Business Administration Karachi,Masters Institute,#2ca02c
Adam Jadoon,University Of Southern California,Bachelor Institute,#1f77b4
Adam Jadoon,University Of Peshawar,Masters Institute,#2ca02c
Muhammad Irfan-ul-Haq,University Of Engineering And Technology,Bachelor Institute,#1f77b4
Muhammad Irfan-ul-Haq,London Metropolitan University,Masters Institute,#2ca02c
Ali Saleem Rana (Acting),Shaheed Zulfikar Ali Bhutto Institute Of Science And Technology,Masters Institute,#2ca02c
Adnan Ahmed Khan,Boston University,Bachelor Institute,#1f77b4
Adnan Ahmed Khan,Northeastern University,Masters Institute,#2ca02c
Nadeem Ellahi Shaikh,Boston University,Bachelor Institute,#1f77b4
Shazad Ali Khan,University Of Engineering And Technology,Bachelor Institute,#1f77b4
Faraz Mubeen Jumani,American Intercontinental University System,Bachelor Institute,#1f77b4
Faraz Mubeen Jumani,Nova Southeastern University,Masters Institute,#2ca02c
Ahmed Ali Muhammad Amin Bawany,University Of Southern California,Bachelor Institute,#1f77b4
Aftab Ahmad Ch.,Nicholls State University,Masters Institute,#2ca02c
Muhammad Ali Jameel,London School Of Economics And Political Science,Bachelor Institute,#1f77b4
Noor Muhammad Zakaria,Karachi University,Bachelor Institute,#1f77b4
Jehanzeb Zafar,National University Of Computer And Emerging Sciences,Bachelor Institute,#1f77b4
Jehanzeb Zafar,Cass Business School,Masters Institute,#2ca02c
Imran Baxamoosa,University Of Toronto,Masters Institute,#2ca02c
Sohail Ahmed,Karachi University,Bachelor Institute,#1f77b4
Muhammad Naeem ul Hasnain Mirza,Ned University Of Engineering And Technology,Bachelor Institute,#1f77b4
Muhammad Asif,Punjab University,Bachelor Institute,#1f77b4
Muhammad Asif,Institute Of Cost And Management Accountants Of Pakistan,Professional Qualifications,#9467bd
Basheer Ahmed Chowdry,Punjab University,Bachelor Institute,#1f77b4
Najm-ul- Hassan,Institute Of Business Administration Karachi,Masters Institute,#2ca02c
A. Razzak Ahmed,Chartered Insurance Institute London,Professional Qualifications,#9467bd
Syed Ather Abbas,Karachi University,Masters Institute,#2ca02c
M. Haroon Qassim,University Of Illinois,Bachelor Institute,#1f77b4
M. Haroon Qassim,Loyola University Of Chicago,Masters Institute,#2ca02c
Muhammad Ehtisham Khan,Institute Of Business Administration Karachi,Masters Institute,#2ca02c
Amjad Waqar,Institute Of Chartered Accountants Of Pakistan,Professional Qualifications,#9467bd
Amjad Waqar,Association Of Chartered Certified Accountants,Professional Qualifications,#9467bd
Lt Col Abdul Khaliq Khan (Retd),Pakistan Military Academy Kakul,Bachelor Institute,#1f77b4
Lt Col Abdul Khaliq Khan (Retd),Pakistan Military Academy Kakul,Masters Institute,#2ca02c
Abid Mehmood,Punjab University,Masters Institute,#2ca02c
Basit Rehman Malik,Boston University,Bachelor Institute,#1f77b4
Mr. Muhammad Nadeem,Dawood University Of Engineering And Technology,Bachelor Institute,#1f77b4
Mr. Muhammad Nadeem,Preston University,Masters Institute,#2ca02c
Dr. ShahIn Kuli Khan Khattak,University Of Peshawar,Masters Institute,#2ca02c
Dr. ShahIn Kuli Khan Khattak,King'S College London,Phd Insitute,#ff7f0e
Abbas Sarfaraz Khan,Boston University,Bachelor Institute,#1f77b4
Haroon Shahzada Ellahi Shaikh,University Of Manchester,Bachelor Institute,#1f77b4
Muhammad Rizwan ul Haque,Federal College Of Commerce,Bachelor Institute,#1f77b4
Muhammad Rizwan ul Haque,Institute Of Business Administration Karachi,Masters Institute,#2ca02c
Mian Mustafa Ali Tariq,University Of California,Bachelor Institute,#1f77b4
Abid Sayeed,Kenyon College,Bachelor Institute,#1f77b4
Nabeel Anjum Malik,Princeton University,Bachelor Institute,#1f77b4
Nabeel Anjum Malik,Yale University,Masters Institute,#2ca02c
Amin Ellahi Sheikh,New York University,Bachelor Institute,#1f77b4
Danish Elahi,London School Of Economics And Political Science,Bachelor Institute,#1f77b4
Assad Saifullah Khan,University Of Pennsylvania,Bachelor Institute,#1f77b4
Assad Saifullah Khan,College Of Law,Masters Institute,#2ca02c
Mohammad Alamgir Jmail Khan,Institute Of Management Sciences,Bachelor Institute,#1f77b4
Khurram Iftikhar,Kensington College Of Business,Bachelor Institute,#1f77b4
Mujtaba Ahmad,Dawood University Of Engineering And Technology,Bachelor Institute,#1f77b4
Mujtaba Ahmad,Institute Of Business Administration Karachi,Masters Institute,#2ca02c
Muhammad Mohsin Ali,Institute Of Cost And Management Accountants Of Pakistan,Professional Qualifications,#9467bd
Ali Pervez Ahmed,Georgetown University,Bachelor Institute,#1f77b4
Imran Ghafoor,Punjab University,Bachelor Institute,#1f77b4
Zain ul Haq Qureshi,Imperial College London,Bachelor Institute,#1f77b4
Zain ul Haq Qureshi,University Of Oxford,Masters Institute,#2ca02c
Raza Ellahi Shaikh,Columbia College,Bachelor Institute,#1f77b4
Raheel Qamar Ahmad,University Of Engineering And Technology,Bachelor Institute,#1f77b4
Raheel Qamar Ahmad,Illinois Institute Of Technology,Masters Institute,#2ca02c
Saif Tariq,Wharton School Of The University Of Pennsylvania,Bachelor Institute,#1f77b4
Teizoon Kisat,Institute Of Chartered Accountants Of Pakistan,Professional Qualifications,#9467bd
Shehryar Ali Taseer,King'S College London,Masters Institute,#2ca02c
Waseem Ahmad,Hamdard University,Bachelor Institute,#1f77b4
Mussaid Hanif,Lahore University Of Management Sciences,Masters Institute,#2ca02c
Muzaffar F. Baweja,Karachi University,Bachelor Institute,#1f77b4
Taqi Mohammad,University Of Engineering And Technology,Bachelor Institute,#1f77b4
Khawar Anwar Khawaja,University Of Engineering And Technology,Bachelor Institute,#1f77b4
Mahfuz-ur-Rehman Pasha,University Of Peshawar,Bachelor Institute,#1f77b4
Khawaja Mohammad Nadeem,Lock Haven University Of Pennsylvania,Bachelor Institute,#1f77b4
Shabana Atta,Islamia College For Women,Bachelor Institute,#1f77b4
Naveed Riaz,Punjab University,Masters Institute,#2ca02c
Imran Maqbool,Institute Of Business Administration Karachi,Masters Institute,#2ca02c
Imran Maqbool,Mit Sloan School Of Management,Masters Institute,#2ca02c
Khawaja Imtaiz Ahmed,Punjab University,Bachelor Institute,#1f77b4
Shams Rafi,Lehigh University,Bachelor Institute,#1f77b4
Khalid Kuli Khan Khattak,Pakistan Military Academy Kakul,Bachelor Institute,#1f77b4
Khalid Kuli Khan Khattak,Hamdard University,Masters Institute,#2ca02c
Rizwan Akhtar,Institute Of Business Administration Karachi,Masters Institute,#2ca02c
Ghulam Hyder,Melbourne Institute Of Technology Pty Ltd.,Bachelor Institute,#1f77b4
Naeem Shafi,Karachi University,Bachelor Institute,#1f77b4
Fazal Karim Dadabhoy,Greenwich University,Bachelor Institute,#1f77b4
Ali Kuli Khan Khattak.,Royal Military Academy Sandhurst,Bachelor Institute,#1f77b4
Ali Kuli Khan Khattak.,Quaid-I-Azam University,Masters Institute,#2ca02c
Ishtiaq Ahmad,Karachi University,Bachelor Institute,#1f77b4
