Source,Target,Weight
Institute Of Business Administration Karachi,Ned University Of Engineering And Technology,5
Institute Of Business Administration Karachi,National University Of Computer And Emerging Sciences,3
Cfa Institute,Lahore University Of Management Sciences,3
Lahore University Of Management Sciences,University Of Engineering And Technology,3
Government College,Institute Of Chartered Accountants Of Pakistan,3
Imperial College London,University Of Oxford,2
Institute Of Cost And Management Accountants Of Pakistan,Punjab University,2
Institute Of Chartered Accountants Of Pakistan,Karachi University,2
International University,Karachi University,2
University Of Engineering And Technology,University Of Oxford,2
Institute Of Business Administration Karachi,Karachi University,2
Karachi University,University Of Connecticut,1
Kellogg School Of Management,London Metropolitan University,1
Karachi University,Sindh Muslim Government Arts And Commerce College,1
Karachi University,Punjab University,1
Karachi University,Ned University Of Engineering And Technology,1
Isms School,Whu-Otto Beisheim School Of Management,1
King'S College London,University Of Peshawar,1
Isms School,Nene College,1
Karachi University,Southeastern University,1
Institute Of Management Sciences,University Of Engineering And Technology,1
Institute Of Paper Chemistry,University Of Michigan,1
Lahore College For Women University,Punjab University,1
Institute Of Chartered Accountants In England And Wales,University Of London,1
Institute Of Chartered Accountants In England And Wales,University Of Kent,1
Institute Of Chartered Accountants In England And Wales,University Of Hull,1
Institute Of Chartered Accountants In England And Wales,London School Of Economics And Political Science,1
Institute Of Chartered Accountants In England And Wales,London Metropolitan University,1
Institute Of Chartered Accountants In England And Wales,Kellogg School Of Management,1
Institute Of Chartered Accountants In England And Wales,Institute Of Chartered Accountants Of Pakistan,1
Institute Of Business Administration Karachi,University Of Engineering And Technology,1
Institute Of Business Administration Karachi,Rotman School Of Management,1
Institute Of Business Administration Karachi,Punjab University,1
Lahore American School,University Of Buckingham,1
American College Of Switzerland,Business School Lausanne,1
Lahore University Of Management Sciences,Ned University Of Engineering And Technology,1
Princeton University,University Of Chicago,1
University Of London,University Of Wolverhampton,1
University Of Engineering And Technology,University Of Rochester,1
University Of Engineering And Technology,University Of New South Wales,1
University Of Bristol,Yale University,1
Textile Institute,University Of Manchester,1
Stanford University,Wharton School Of The University Of Pennsylvania,1
Soas University Of London,University Of Pennsylvania,1
Soas University Of London,University Of Cambridge,1
Quaid-I-Azam University,Royal Military Academy Sandhurst,1
Punjab University,Sindh Muslim Government Arts And Commerce College,1
Punjab University,Punjab University Law College,1
Princeton University,Yale University,1
Preston University,University Of Engineering And Technology,1
Lahore University Of Management Sciences,University Of Cambridge,1
Pak-American Institute Of Management Sciences,Punjab University,1
Northwestern University,Queen'S University,1
New York University,University Of Chicago,1
Nene College,Whu-Otto Beisheim School Of Management,1
Ned University Of Engineering And Technology,University Of Texas At Austin,1
Ned University Of Engineering And Technology,Southeastern University,1
Ned University Of Engineering And Technology,Preston University,1
National University,Southern Arkansas University,1
Loyola University Of Chicago,University Of Illinois,1
London Metropolitan University,University Of Engineering And Technology,1
London Metropolitan University,Punjab University,1
London Business School,National Defence University Islamabad,1
Lahore University Of Management Sciences,Punjab University,1
Institute Of Business Administration Karachi,Mit Sloan School Of Management,1
Institute Of Business Administration Karachi,National University Of Sciences And Technology,1
Cardiff Business School,Institute Of Business Administration Karachi,1
City St George's,University Of London,1
City St George's,Institute Of Chartered Accountants In England And Wales,1
Chartered Certified Accountant From The Association Of Chartered Certified Accountants U.K,Institute Of Chartered Accountants In England And Wales,1
Chartered Accountants Australia And New Zealand,University Of New South Wales,1
Chartered Accountants Australia And New Zealand,University Of Engineering And Technology,1
Cfa Institute,University Of Cambridge,1
Cfa Institute,Ned University Of Engineering And Technology,1
Certified General Accountant,Oxford Brookes University,1
Centre For Islamic Economics,Institute Of Business Administration Karachi,1
Cass Business School,National University Of Computer And Emerging Sciences,1
Cardiff Business School,University Of Manchester,1
Cardiff Business School,Textile Institute,1
California State University,University Of Engineering And Technology,1
Coventry University,Lahore School Of Economics,1
Boston University,Northeastern University,1
Bentley University,Mccallum Graduate School Of Business,1
Ball State University,Wright State University,1
Bahauddin Zakariya University,Cfa Institute,1
Association Of Chartered Certified Accountants,Oxford Brookes University,1
Association Of Chartered Certified Accountants,Institute Of Chartered Accountants Of Pakistan,1
Association Of Chartered Certified Accountants,Certified General Accountant,1
American University Of London,Regent'S Business School London,1
American University,Concordia University,1
American University,College Of Wooster,1
American Intercontinental University System,Nova Southeastern University,1
American Institute Of Certified Public Accountants,Institute Of Chartered Accountants Of Pakistan,1
College Of Law,University Of Pennsylvania,1
Dawood University Of Engineering And Technology,Institute Of Business Administration Karachi,1
American Institute Of Certified Public Accountants,Federal College Of Commerce,1
Government College,Southeastern University,1
Institute Of Actuaries,Society Of Actuaries,1
Insead,University Of Pennsylvania,1
Insead,University Of Illinois,1
Insead,Purdue University,1
Imperial College London,University Of Engineering And Technology,1
Imperial College London,University Of California,1
Imperial College London,Saint Louis University,1
Illinois Institute Of Technology,University Of Engineering And Technology,1
Harvard University,Wharton School Of The University Of Pennsylvania,1
Harvard University,International Islamic University Islamabad,1
Hamdard University,Pakistan Military Academy Kakul,1
Government College,University Of Cambridge,1
Government College,Punjab University,1
Dawood University Of Engineering And Technology,Preston University,1
Government College,Harvard University,1
Gordon College Rawalpindi,Quaid-I-Azam University,1
Georgia Institute Of Technology,Harvard University,1
Federal College Of Commerce,Institute Of Chartered Accountants Of Pakistan,1
Federal College Of Commerce,Institute Of Business Administration Karachi,1
Fast National University,National University Of Computer And Emerging Sciences,1
Fast National University,Institute Of Business Administration Karachi,1
F.G Sir Syed College Rawalpindi,Quaid-I-Azam University,1
Etisalat University College,Insead,1
De La Salle University,Gabelli School Of Business,1
Dawood University Of Engineering And Technology,University Of Tennessee,1
Dawood University Of Engineering And Technology,University Of Connecticut,1
University Of Peshawar,University Of Southern California,1
