id,type,label
American College Of Switzerland,Institute,American College Of Switzerland
American Institute Of Certified Public Accountants,Institute,American Institute Of Certified Public Accountants
American Intercontinental University System,Institute,American Intercontinental University System
American University,Institute,American University
American University Of London,Institute,American University Of London
Association Of Chartered Certified Accountants,Institute,Association Of Chartered Certified Accountants
Bahauddin Zakariya University,Institute,Bahauddin Zakariya University
Ball State University,Institute,Ball State University
Bentley University,Institute,Bentley University
Boston University,Institute,Boston University
Business School Lausanne,Institute,Business School Lausanne
California State University,Institute,California State University
Cardiff Business School,Institute,Cardiff Business School
Cass Business School,Institute,Cass Business School
Centre For Islamic Economics,Institute,Centre For Islamic Economics
Certified General Accountant,Institute,Certified General Accountant
Cfa Institute,Institute,Cfa Institute
Chartered Accountants Australia And New Zealand,Institute,Chartered Accountants Australia And New Zealand
Chartered Certified Accountant From The Association Of Chartered Certified Accountants U.K,Institute,Chartered Certified Accountant From The Association Of Chartered Certified Accountants U.K
City St George's,Institute,City St George's
College Of Law,Institute,College Of Law
College Of Wooster,Institute,College Of Wooster
Concordia University,Institute,Concordia University
Coventry University,Institute,Coventry University
Dawood University Of Engineering And Technology,Institute,Dawood University Of Engineering And Technology
De La Salle University,Institute,De La Salle University
Etisalat University College,Institute,Etisalat University College
F.G Sir Syed College Rawalpindi,Institute,F.G Sir Syed College Rawalpindi
Fast National University,Institute,Fast National University
Federal College Of Commerce,Institute,Federal College Of Commerce
Gabelli School Of Business,Institute,Gabelli School Of Business
Georgia Institute Of Technology,Institute,Georgia Institute Of Technology
Gordon College Rawalpindi,Institute,Gordon College Rawalpindi
Government College,Institute,Government College
Hamdard University,Institute,Hamdard University
Harvard University,Institute,Harvard University
Illinois Institute Of Technology,Institute,Illinois Institute Of Technology
Imperial College London,Institute,Imperial College London
Insead,Institute,Insead
Institute Of Actuaries,Institute,Institute Of Actuaries
Institute Of Business Administration Karachi,Institute,Institute Of Business Administration Karachi
Institute Of Chartered Accountants In England And Wales,Institute,Institute Of Chartered Accountants In England And Wales
Institute Of Chartered Accountants Of Pakistan,Institute,Institute Of Chartered Accountants Of Pakistan
Institute Of Cost And Management Accountants Of Pakistan,Institute,Institute Of Cost And Management Accountants Of Pakistan
Institute Of Management Sciences,Institute,Institute Of Management Sciences
Institute Of Paper Chemistry,Institute,Institute Of Paper Chemistry
International Islamic University Islamabad,Institute,International Islamic University Islamabad
International University,Institute,International University
Isms School,Institute,Isms School
Karachi University,Institute,Karachi University
Kellogg School Of Management,Institute,Kellogg School Of Management
King'S College London,Institute,King'S College London
Lahore American School,Institute,Lahore American School
Lahore College For Women University,Institute,Lahore College For Women University
Lahore School Of Economics,Institute,Lahore School Of Economics
Lahore University Of Management Sciences,Institute,Lahore University Of Management Sciences
London Business School,Institute,London Business School
London Metropolitan University,Institute,London Metropolitan University
London School Of Economics And Political Science,Institute,London School Of Economics And Political Science
Loyola University Of Chicago,Institute,Loyola University Of Chicago
Mccallum Graduate School Of Business,Institute,Mccallum Graduate School Of Business
Mit Sloan School Of Management,Institute,Mit Sloan School Of Management
National Defence University Islamabad,Institute,National Defence University Islamabad
National University,Institute,National University
National University Of Computer And Emerging Sciences,Institute,National University Of Computer And Emerging Sciences
National University Of Sciences And Technology,Institute,National University Of Sciences And Technology
Ned University Of Engineering And Technology,Institute,Ned University Of Engineering And Technology
Nene College,Institute,Nene College
New York University,Institute,New York University
Northeastern University,Institute,Northeastern University
Northwestern University,Institute,Northwestern University
Nova Southeastern University,Institute,Nova Southeastern University
Oxford Brookes University,Institute,Oxford Brookes University
Pak-American Institute Of Management Sciences,Institute,Pak-American Institute Of Management Sciences
Pakistan Military Academy Kakul,Institute,Pakistan Military Academy Kakul
Preston University,Institute,Preston University
Princeton University,Institute,Princeton University
Punjab University,Institute,Punjab University
Punjab University Law College,Institute,Punjab University Law College
Purdue University,Institute,Purdue University
Quaid-I-Azam University,Institute,Quaid-I-Azam University
Queen'S University,Institute,Queen'S University
Regent'S Business School London,Institute,Regent'S Business School London
Rotman School Of Management,Institute,Rotman School Of Management
Royal Military Academy Sandhurst,Institute,Royal Military Academy Sandhurst
Saint Louis University,Institute,Saint Louis University
Sindh Muslim Government Arts And Commerce College,Institute,Sindh Muslim Government Arts And Commerce College
Soas University Of London,Institute,Soas University Of London
Society Of Actuaries,Institute,Society Of Actuaries
Southeastern University,Institute,Southeastern University
Southern Arkansas University,Institute,Southern Arkansas University
Stanford University,Institute,Stanford University
Textile Institute,Institute,Textile Institute
University Of Bristol,Institute,University Of Bristol
University Of Buckingham,Institute,University Of Buckingham
University Of California,Institute,University Of California
University Of Cambridge,Institute,University Of Cambridge
University Of Chicago,Institute,University Of Chicago
University Of Connecticut,Institute,University Of Connecticut
University Of Engineering And Technology,Institute,University Of Engineering And Technology
University Of Hull,Institute,University Of Hull
University Of Illinois,Institute,University Of Illinois
University Of Kent,Institute,University Of Kent
University Of London,Institute,University Of London
University Of Manchester,Institute,University Of Manchester
University Of Michigan,Institute,University Of Michigan
University Of New South Wales,Institute,University Of New South Wales
University Of Oxford,Institute,University Of Oxford
University Of Pennsylvania,Institute,University Of Pennsylvania
University Of Peshawar,Institute,University Of Peshawar
University Of Rochester,Institute,University Of Rochester
University Of Southern California,Institute,University Of Southern California
University Of Tennessee,Institute,University Of Tennessee
University Of Texas At Austin,Institute,University Of Texas At Austin
University Of Wolverhampton,Institute,University Of Wolverhampton
Wharton School Of The University Of Pennsylvania,Institute,Wharton School Of The University Of Pennsylvania
Whu-Otto Beisheim School Of Management,Institute,Whu-Otto Beisheim School Of Management
Wright State University,Institute,Wright State University
Yale University,Institute,Yale University
