No.,Symbol,Company.Name,Ceo Name,Bachelor Institute,Masters Institute,Phd Insitute,Professional Qualifications
1,OGDC,Oil and Gas Development Company Limited,Ahmed Hayat Lak,University Of London,University Of Wolverhampton,Nan,Nan
2,UBL,United Bank Limited,Muhammad Jawaid Iqbal,Nan,Bahauddin Zakariya University,Nan,Cfa Institute
3,MARI,Mari Energies Limited,Faheem Haider,University Of Engineering And Technology,"Imperial College London, University Of Oxford",Nan,Nan
4,MEBL,Meezan Bank Limited,Irfan Siddiqui,Nan,Nan,Nan,Institute Of Chartered Accountants In England And Wales
5,FFC,Fauji Fertilizer Company Limited,Jahangir Piracha,University Of Engineering And Technology,Nan,Nan,Nan
7,PPL,Pakistan Petroleum Limited,Sikandar Ali Memon,Mehran University Of Engineering And Technology,Nan,Nan,Nan
8,HBL,Habib Bank Limited,Nassir Salim,Nan,Institute Of Business Administration Karachi,Nan,Nan
9,NBP,National Bank of Pakistan,"Rehmat Ali Hasnie
",College Of Wooster,American University,Nan,Nan
10,MCB,MCB Bank Limited,Muhammad Nauman Chughtai,Ned University Of Engineering And Technology,Lahore University Of Management Sciences,Nan,Cfa Institute
11,PAKT,Pakistan Tobacco Company Limited,Syed Ali Akbar,Quaid-I-Azam University,Nan,Nan,Nan
12,BWCL,Bestway Cement Limited,Zameer Mohammed Choudrey,University Of Kent,Nan,Nan,Institute Of Chartered Accountants In England And Wales
13,NESTLE,Nestlé Pakistan Limited,Jason Avanceña,De La Salle University,Gabelli School Of Business,Nan,Nan
14,COLG,Colgate-Palmolive (Pakistan) Limited,Zulfiqar Ali Lakhani,Stanford University,Wharton School Of The University Of Pennsylvania,Nan,Nan
15,FATIMA,Fatima Fertilizer Company Limited,Fawad Ahmed Mukhtar,University Of Pennsylvania,Nan,Nan,Nan
16,EFERT,Engro Fertilizers Limited,Ali Rathore,London Metropolitan University,Kellogg School Of Management,Nan,Institute Of Chartered Accountants In England And Wales
17,ENGROH,Engro Holding Limited,Abdul Samad Dawood,University College London,Nan,Nan,Nan
18,HUBC,The Hub Power Company Limited,Kamran Kamal,Georgia Institute Of Technology,Harvard University,Nan,Nan
19,SCBPL,Standard Chartered Bank (Pakistan) Limited,Rehan Shaikh,Upsala College,Nan,Nan,Nan
20,SYS,Systems Limited,Asif Peer,National University Of Computer And Emerging Sciences,Institute Of Business Administration Karachi,Nan,Nan
21,ABL,Allied Bank Limited,Aizid Razzaq Gill,University Of Engineering And Technology,California State University,Nan,Nan
23,PSO,Pakistan State Oil Company Limited,Syed Muhammad Taha,Nan,Institute Of Business Administration Karachi,Nan,Nan
24,KEL,K-Electric Limited,Syed Moonis Abdullah Alvi,Federal Government Cantt Public School,Nan,Nan,Nan
25,PTC,Pakistan Telecommunication Company Limited,Hatem Bamatraf,Etisalat University College,Insead,Nan,Nan
26,UPFL,Unilever Pakistan Foods Limited,Amir R. Paracha,Karachi University,Institute Of Business Administration Karachi,Nan,Nan
27,POL,Pakistan Oilfields Limited,Shuaib Anwar Malik,Punjab University,Nan,Nan,Nan
28,BAFL,Bank Alfalah Limited,Atif Aslam Bajwa,Columbia University,Nan,Nan,Nan
29,ATLH,Atlas Honda Limited,Saquib H. Shirazi,Wharton School Of The University Of Pennsylvania,Harvard University,Nan,Nan
30,INDU,Indus Motor Company Limited,Ali Asghar Jamali,Karachi University,Nan,Nan,Institute Of Chartered Accountants Of Pakistan
31,PIAHCLA,PIA Holding Company Limited,Asad Rasool,University Of Engineering And Technology,University Of New South Wales,Nan,Chartered Accountants Australia And New Zealand
33,LCI,Lucky Core Industries Limited,Asif Jooma,Boston University,Nan,Nan,Nan
34,FCCL,Fauji Cement Company Limited,Qamar Manzoor,Dawood University Of Engineering And Technology,University Of Tennessee,Nan,Nan
35,ISIL,Ismail Industries Limited,Mr. Munsarim Saifullah,Ned University Of Engineering And Technology,Nan,Nan,Nan
36,FABL,Faysal Bank Limited,Yousaf Hussain,University Of Engineering And Technology,Lahore University Of Management Sciences,Nan,Nan
37,AKBL,Askari Bank Limited,Zia Ijaz,Federal College Of Commerce,Nan,Nan,"American Institute Of Certified Public Accountants, Institute Of Chartered Accountants Of Pakistan"
38,GLAXO,GlaxoSmithKline Pakistan Limited,Erum Shakir Rahim,Karachi University,Karachi University,Nan,Nan
39,HMB,Habib Metropolitan Bank Limited,Khurram Shahzad Khan,University Of Engineering And Technology,University Of Rochester,Nan,Nan
40,ABOT,Abbott Laboratories (Pakistan) Limited,Syed Anis Ahmed,Nan,Nan,Nan,Institute Of Chartered Accountants Of Pakistan
41,BOP,The Bank of Punjab,Zafar Masud,Nan,Institute Of Business Administration Karachi,Nan,Nan
43,HALEON,Haleon Pakistan Limited,Qawi Naseer,Nan,Institute Of Business Administration Karachi,Nan,Nan
44,MLCF,Maple Leaf Cement Factory Limited,Sayeed Tariq Saigol,"Government College, Punjab University",Nan,Nan,Nan
45,DGKC,D.G. Khan Cement Company Limited,Raza Mansha,University Of Pennsylvania,Nan,Nan,Nan
46,MTL,Millat Tractors Limited,Raheel Asghar,University Of Cambridge,Nan,Nan,Nan
47,ILP,Interloop Limited,Navid Fazil,University Of Engineering And Technology,University Of Oxford,Nan,Nan
48,PNSC,Pakistan National Shipping Corporation,Syed Jarar Haider Kazmi,Nan,Nan,Nan,"Institute Of Chartered Accountants In England And Wales, Institute Of Chartered Accountants Of Pakistan"
49,KOHC,Kohat Cement Company Limited,Nadeem Atta Sheikh,Boston University,Nan,Nan,Nan
50,IBFL,Ibrahim Fibres Limited,Mohammad Naeem Mukhtar,Nan,Cardiff Business School,Nan,"Textile Institute, University Of Manchester"
51,RMPL,Rafhan Maize Products Co. Limited,Humair Ijaz,Virginia Polytechnic Institute And State University,Virginia Polytechnic Institute And State University,Nan,Nan
52,KTML,Kohinoor Textile Mills Limited,Taufique Sayeed Saigol,Cornell University,Nan,Nan,Nan
53,NATF,National Foods Limited,Abrar Hasan,Purdue University,Nan,Nan,Nan
54,SNGP,Sui Northern Gas Pipelines Limited,Amer Tufail,Government College,Nan,Nan,Institute Of Chartered Accountants Of Pakistan
55,ATRL,Attock Refinery Limited,M. Adil Khattak,Nan,Texas Tech University,Nan,Nan
56,DCR,Dolmen City REIT,Muhammad Ejaz,"Fast National University, National University Of Computer And Emerging Sciences",Institute Of Business Administration Karachi,Nan,Nan
57,APL,Attock Petroleum Limited,Shuaib Anwar Malik,Punjab University,Nan,Nan,Nan
58,CHCC,Cherat Cement Company Limited,Azam Faruque,Princeton University,University Of Chicago,Nan,Nan
60,PKGS,Packages Limited,Syed Hyder Ali,University Of Michigan,Institute Of Paper Chemistry,Nan,Nan
61,FCEPL,FrieslandCampina Engro Pakistan Limited,Kashan Hasan,Nan,Institute Of Business Administration Karachi,Nan,Nan
62,SRVI,Service Industries Limited,Arif Saeed,University Of Oxford,Nan,Nan,Nan
63,SEARL,The Searle Company Limited,Tahir Ahmed,Nan,Bahria University,Nan,Nan
64,HINOON,Highnoon Laboratories Limited,Adeel Abbas Haider,Dow Medical College,Nan,Nan,Nan
66,AGP,AGP Limited,Muhammad Kamran Nasir,Nan,Nan,Nan,"Institute Of Chartered Accountants In England And Wales, Chartered Certified Accountant From The Association Of Chartered Certified Accountants U.K"
67,NML,Nishat Mills Limited,Mian Umer Mansha,Babson College,Nan,Nan,Nan
68,FFL,Fauji Foods Limited,Usman Zaheer Ahmad,Nan,"Institute Of Business Administration Karachi, Punjab University",Nan,Nan
69,BML,Bank Makramah Limited,Jawad Majid Khan,F.G Sir Syed College Rawalpindi,Quaid-I-Azam University,Nan,Nan
70,PABC,Pakistan Aluminium Beverage Cans Limited,Zain Ashraf Mukaty,University Of Pennsylvania,Nan,Nan,Nan
72,PELPS,Pak Elektron Limited,Muhammad Murad Saigol,Soas University Of London,University Of Pennsylvania,Nan,Nan
73,PIOC,Pioneer Cement Limited,M. Habibullah Khan,Imperial College London,University Of California,Nan,Nan
74,JDWS,JDW Sugar Mills Limited,Raheal Masud,Pakistan Military Academy Kakul,Nan,Nan,Nan
75,ISL,International Steels Limited,Samir M. Chinoy,Babson College,Nan,Nan,Nan
76,THALL,Thal Limited,Muhammad Tayyab Ahmad Tareen,Nan,Nan,Nan,"Institute Of Chartered Accountants In England And Wales, City St George's, University Of London"
77,JSBL,JS Bank Limited,Basir Shamsie,University Of Texas At Austin,Nan,Nan,Nan
78,CNERGY,Cnergyico PK Limited,Amir Abbassciy,American College Of Switzerland,Business School Lausanne,Nan,Nan
80,THCCL,Thatta Cement Company Limited,Kamran Munir Ansari,Nan,Nan,Nan,Institute Of Chartered Accountants Of Pakistan
79,AGL,Agritech Limited,Muhammad Faisal Muzammil,Gordon College Rawalpindi,Quaid-I-Azam University,Nan,Nan
81,BIPL,BankIslami Pakistan Limited,Rizwan Ata,Nan,Lahore University Of Management Sciences,Nan,Nan
82,HCAR,Honda Atlas Cars (Pakistan) Limited,Masaya Wakuda,Osaka University,Nan,Nan,Nan
84,LOTCHEM,Lotte Chemical Pakistan Limited,Young Dae Kim,Ulsan University,Nan,Nan,Nan
85,WAFI,Wafi Energy Pakistan Limited,Zubair Shaikh,Nan,Nan,Nan,Institute Of Chartered Accountants Of Pakistan
86,BOK,The Bank of Khyber,Hassan Raza,Nan,"International University, Karachi University",Nan,Nan
87,TRG,TRG Pakistan Limited,Hasnain Aslam,Harvard University,Nan,Nan,Nan
88,ACPL,Attock Cement Pakistan Limited,Babar Bashir Nawaz,Nan,Quaid-I-Azam University,Nan,Nan
91,HPL,Hoechst Pakistan Limited,Sajjad Iftikhar,Nan,Nan,Nan,Institute Of Chartered Accountants Of Pakistan
92,GHNI,Ghandhara Industries Limited,Ahmad Kuli Khan Khattak,Pakistan Air Force Academy,Nan,Nan,Nan
93,SSGC,Sui Southern Gas Company Limited,Muhammad Amin Rajput,Nan,Nan,Nan,Institute Of Chartered Accountants Of Pakistan
94,SHFA,Shifa International Hospitals Limited,Dr. Zeeshan Bin Ishtiaque,Nishtar Medical College,Nan,Nan,Nan
95,NRL,National Refinery Limited,Asad Hasan,Ned University Of Engineering And Technology,University Of Texas At Austin,Nan,Nan
96,PSX,Pakistan Stock Exchange Limited,Farrukh Sabzwari,Nan,Institute Of Business Administration Karachi,Nan,Nan
98,SNBL,Soneri Bank Limited,Muhtashim Ahmad Ashai,University Of Engineering And Technology,Lahore University Of Management Sciences,Nan,Nan
100,SAPT,Sapphire Textile Mills Limited,Nadeem Abdullah,Mcgill University,Nan,Nan,Nan
102,FLYNG,Flying Cement Company Limited,Agha Humayun Khan (Deceased),Nan,Punjab University,Nan,Nan
104,AICL,Adamjee Insurance Company Limited,Muhammad Ali Zeb,Nan,Nan,Nan,Institute Of Chartered Accountants Of Pakistan
106,KAPCO,Kot Addu Power Company Limited,Shahab Qader Khan,University Of Engineering And Technology,Lahore University Of Management Sciences,Nan,Nan
107,SFL,Sapphire Fibres Limited,Shahid Abdullah,Karachi University,Nan,Nan,Nan
109,MUREB,Murree Brewery Company Limited,Isphanyar M. Bhandara,Nan,Nan,Nan,Preston University
110,MUGHAL,Mughal Iron & Steel Industries Limited,Khurram Javaid,Lahore School Of Economics,Coventry University,Nan,Nan
112,JVDC,Javedan Corporation Limited,Samad A. Habib,Nan,Institute Of Business Management Karachi,Nan,Nan
113,EPCL,Engro Polymer and Chemicals Limited,Abdul Qayoom Shaikh,Dawood University Of Engineering And Technology,Nan,Nan,Nan
114,PIBTL,Pakistan International Bulk Terminal Limited,Sharique Azim Siddiqui,Tufts University,Tufts University,Nan,Nan
115,TSML,Tandlianwala Sugar Mills Limited,Akbar Akhtar Khan,Wright State University,Ball State University,Nan,Nan
116,INIL,International Industries Limited,Yousuf Mirza,Ned University Of Engineering And Technology,Institute Of Business Administration Karachi,Nan,Nan
117,GATM,Gul Ahmed Textile Mills Limited,Mohammed Zaki Bashir,Regent'S Business School London,Nan,Nan,Nan
118,JSCL,Jahangir Siddiqui & Co. Ltd.,Asad Nasir,University Of Hull,Nan,Nan,Institute Of Chartered Accountants In England And Wales
119,AGTL,Al-Ghazi Tractors Limited,Sakib Eltaff,Nan,Oxford Brookes University,Nan,"Association Of Chartered Certified Accountants, Certified General Accountant"
120,POWER,Power Cement Limited,Muhammad Kashif A. Habib,Nan,Nan,Nan,Institute Of Chartered Accountants Of Pakistan
121,EFUG,EFU General Insurance Limited,Kamran Arshad Inam,Ned University Of Engineering And Technology,Institute Of Business Administration Karachi,Nan,Nan
122,PRL,Pakistan Refinery Limited,Zahid Mir,University Of Engineering And Technology,Preston University,Nan,Nan
123,NICL,Nimir Industrial Chemicals Limited,Zafar Mahmood,Nan,Nan,Nan,Institute Of Cost And Management Accountants Of Pakistan
124,DLL,Dawood Lawrencepur Limited,Muhammad Bilal Ahmed,Lahore University Of Management Sciences,University Of Cambridge,Nan,Cfa Institute
126,PAKOXY,Pakistan Oxygen Limited,Matin Amjad,London School Of Economics And Political Science,Nan,Nan,Nan
127,AKDSL,AKD Securities Limited,Muhammad Farid Alam,Nan,Nan,Nan,Institute Of Chartered Accountants Of Pakistan
128,AVN,Avanceon Limited,Bakhtiar Hameed Wain,University Of Engineering And Technology,Nan,Nan,Nan
130,CPHL,Citi Pharma Limited,Rizwan Ahmad,Punjab University,"Punjab University, Punjab University Law College",Nan,Nan
132,SITC,Sitara Chemical Industries Limited,Muhammad Adrees,Punjab University,London Metropolitan University,Nan,Nan
134,FEROZ,Ferozsons Laboratories Limited,Osman Khalid Waheed,Harvard University,Nan,Nan,Nan
135,SGF,Service Global Footwear Limited,Hassan Javed,Whu-Otto Beisheim School Of Management,Nan,Nan,"Nene College, Isms School"
136,HUMNL,Hum Network Limited,Duraid Qureshi,Nan,Lahore University Of Management Sciences,Nan,Nan
137,GCIL,Ghani Chemical Industries Limited,Hafiz Farooq Ahmad,University Of Illinois,Nan,Nan,Nan
139,AABS,Al-Abbas Sugar Mills Limited,Asim Ghani,Iqra University,Iqra University,Nan,Nan
140,IPAK,International Packaging Films Limited,Naveed Godil,Karachi University,Nan,Nan,Nan
141,MACTER,Macter International Limited,Asif Misbah,Institute Of Business Administration Karachi,Nan,Nan,Nan
142,JLICL,Jubilee Life Insurance Company Limited,Javed Ahmed,Nan,Nan,Nan,"Society Of Actuaries, Institute Of Actuaries"
143,MCBIM,MCB investment management Limited,Khawaja Khalil Shah,Nan,Lahore University Of Management Sciences,Nan,Cfa Institute
144,JGICL,Jubilee General Insurance Company Limited,Azfar Arshad,Ned University Of Engineering And Technology,Institute Of Business Administration Karachi,Nan,Nan
145,EFUL,EFU Life Assurance Limited,Mohammed Ali Ahmed,Nan,Nan,Nan,Institute Of Chartered Accountants Of Pakistan
146,EWIC,East West Insurance Company Limited,Naved Yunus,"Karachi University, University Of Connecticut",Nan,Nan,Nan
147,HASCOL,Hascol Petroleum Limited,Javed Ahmedjee,Karachi University,Nan,Nan,Institute Of Chartered Accountants Of Pakistan
148,ARPL,Archroma Pakistan Limited,Irfan Chawala,Government College,Nan,Nan,Institute Of Chartered Accountants Of Pakistan
151,FCL,Fast Cables Limited,Kamal Mahmood Amjad Mian,International Islamic University Islamabad,Harvard University,Nan,Nan
152,BFBIO,BF Biosciences Limited,Akhter Khalid Waheed,Punjab University,Nan,Nan,Nan
154,ASL,Aisha Steel Mills Limited,Dr. Munir Ahmed,Dawood University Of Engineering And Technology,University Of Connecticut,University Of Connecticut,Nan
155,ZAHID,Zahidjee Textile Mills Limited,Muhammad Zahid,Punjab University,Nan,Nan,Nan
156,SPEL,SPEL Limited,Zia Hyder Naqi,University Of Engineering And Technology,Institute Of Management Sciences,Nan,Nan
157,SBL,Samba Bank Limited,Rashid Jahangir (Acting),Nan,Nan,Nan,Institute Of Chartered Accountants Of Pakistan
158,ATIL,Atlas Insurance Limited,Babar Mahmood Mirza,Nan,University Of Glasgow,Nan,Nan
159,SIEM,Siemens (Pakistan) Engineering Co. Ltd.,Syed Muhammad Daniyal,Ned University Of Engineering And Technology,Institute Of Business Administration Karachi,Nan,Nan
160,NPL,Nishat Power Limited,Ghazanfar Hussain Mirza,Ned University Of Engineering And Technology,Nan,Nan,Nan
161,TOMCL,The Organic Meat Company Limited,Faisal Hussain,Nan,"Cardiff Business School, Institute Of Business Administration Karachi",Nan,Nan
163,BFAGRO,Barkat Frisian Agro Limited,Muhammad Adil Ali,Nan,Institute Of Business Management Karachi,Nan,Nan
164,NETSOL,Netsol Technologies Limited,Salim Ullah Ghauri,Punjab University,Nan,Nan,Nan
165,GATI,Gatron (Industries) Limited,Shabbir Diwan,Nan,Institute Of Business Administration Karachi,Nan,Nan
166,PCAL,Pakistan Cables Limited,Fahd Kamal Chinoy,University Of Pennsylvania,Insead,Nan,Nan
167,HABSM,Habib Sugar Mills Limited,Khursheed Anwer Jamal,Government College,Nan,Nan,Institute Of Chartered Accountants Of Pakistan
168,TBL,Treet Battery Limited,Syed Sheharyar Ali,"Saint Louis University, Imperial College London",Nan,Nan,Nan
170,BATA,Bata Pakistan Limited,Muhammad Imran Malik,Nan,Punjab University,Nan,Nan
171,LPL,Lalpir Power Limited,Mahmood Akhtar,Nan,Punjab University,Nan,Nan
172,NCL,Nishat (Chunian) Limited,Zain Shahzad,Queen'S University,Northwestern University,Nan,Nan
174,SEPL,Security Papers Limited,Imran Qureshi,"Ned University Of Engineering And Technology, Karachi University",Southeastern University,Nan,Nan
175,CEPB,Century Paper & Board Mills Limited,Aftab Ahmad,University Of Engineering And Technology,Nan,Nan,Nan
176,ZAL,Zarea Limited,Ali Alam Qamar,Soas University Of London,University Of Cambridge,Nan,Nan
178,EPQL,Engro Powergen Qadirpur Limited,Adeel Qamar,Gik Institute Of Engineering Sciences And Technology,Nan,Nan,Nan
180,PTL,Panther Tyres Limited,Mian Faisal Iftikhar,Nan,Wichita State University,Nan,Nan
181,BGL,Balochistan Glass Limited,Mohammad Baig,Nan,Imperial College London,Nan,Nan
182,ALIFE,Adamjee Life Assurance Company Limited,Manzar Mushtaq,Clark University,Nan,Nan,Nan
183,GGL,Ghani Global Holdings Limited,Masroor Ahmad Khan,Punjab University,Nan,Nan,Nan
184,SHSML,Shahmurad Sugar Mills Limited,Zia Zakaria,Syracuse University,Nan,Nan,Nan
186,GVGL,Ghani Value Glass Limited,Anwaar Ahmad Khan,Punjab University,Nan,Nan,Nan
187,PREMA,At-Tahur Limited,Rasikh Elahi,Lahore American School,University Of Buckingham,Nan,Nan
188,OLPL,OLP Financial Services Pakistan Limited,Shaheen Amin,Nan,"New York University, University Of Chicago",Nan,Nan
190,NCPL,Nishat Chunian Power Limited,Farrukh Ifzal,Nan,Nan,Nan,Institute Of Chartered Accountants Of Pakistan
189,IDYM,Indus Dyeing & Manufacturing Company Limited,Shahzad Ahmed,Babson College,Nan,Nan,Nan
191,SLGL,Secure Logistics - Trax Group Limited,Gulraiz A. Khan,Nan,"National Defence University Islamabad, London Business School",Nan,Nan
192,ATBA,Atlas Battery Limited,Ali H. Shirazi,Yale University,University Of Bristol,Nan,Nan
196,OCTOPUS,Octopus Digital Limited,Tanveer Karamat,Dawood University Of Engineering And Technology,Nan,Nan,Nan
197,HTL,Hi-Tech Lubricants Limited,Hassan Tahir,Nan,Lahore School Of Economics,Nan,Nan
198,CSAP,Crescent Steel and Allied Products Limited,Ahsan M. Saleem,Government College,Harvard University,Nan,Nan
199,BIFO,Biafo Industries Limited,Anwar Moin,Gordon College Rawalpindi,Nan,Nan,Nan
200,PSYL,Pakistan Synthetics Limited,Yakoob Haji Karim,University Of Salford,Nan,Nan,Nan
201,FZCM,Fazal Cloth Mills Limited,Rehman Naseem,Columbia University,Nan,Nan,Nan
202,ASTL,Amreli Steels Limited,Shayan Akberali,Northwestern University,Nan,Nan,Nan
203,AHL,Arif Habib Limited,Shahid Ali Habib,National University Of Computer And Emerging Sciences,Institute Of Business Administration Karachi,Nan,Nan
204,DCL,Dewan Cement Limited,Ghazanfar Baber Siddiqi,Nan,"Karachi University, International University",Nan,Nan
205,GEMSPNL,Supernet Limited,Jamal Nasir Khan,Ned University Of Engineering And Technology,Institute Of Business Administration Karachi,Nan,Nan
206,UNIC,The United Insurance Company of Pakistan Limited,Muhammad Akram Shahid,Karachi University,"Punjab University, Sindh Muslim Government Arts And Commerce College",Nan,Nan
207,KSBP,KSB Pumps Company Limited,Imran Ghani,University Of Engineering And Technology,"University Of Engineering And Technology, Institute Of Business Administration Karachi",Nan,Nan
209,TPLP,TPL Properties Limited,Ali Jameel,London School Of Economics And Political Science,Nan,Nan,Institute Of Chartered Accountants In England And Wales
210,KML,Kohinoor Mills Limited,Aamir Fayyaz Sheikh,University Of Texas At Austin,Nan,Nan,Nan
211,ANL,Azgard Nine Limited,Ahmed H. Shaikh,Brown University,Nan,Nan,Nan
213,DOL,Descon Oxychem Limited,Yasir Siddique Sheikh,Lahore University Of Management Sciences,Lahore University Of Management Sciences,Nan,Nan
214,IMAGE,Image Pakistan Limited,Asad Ahmad,Nan,Institute Of Business Administration Karachi,Nan,Nan
217,DYNO,Dynea Pakistan Limited,Mustafa Jafar,Nan,Nan,Nan,Institute Of Chartered Accountants Of Pakistan
218,RCML,Reliance Cotton Spinning Mills Limited,Shayan Abdullah,Babson College,Nan,Nan,Nan
220,MRNS,Mehran Sugar Mills Limited,Ahmed Ebrahim Hasham,Tufts University,Nan,Nan,Nan
221,AGHA,Agha Steel Industries Limited,Hussain Iqbal Agha,Bentley University,"Mccallum Graduate School Of Business, Bentley University",Nan,Nan
222,MFL,Matco Foods Limited,Khalid Sarfaraz Ghori,Karachi University,Nan,Nan,Nan
223,FECTC,Fecto Cement Limited,Mohammed Yasin Fecto,Nan,Quaid-I-Azam University,Nan,Nan
224,CPPL,Cherat Packaging Limited,Amer Faruque,Drake University,Nan,Nan,Nan
226,TRIPF,Tri-Pack Films Limited,Numan Noor,University Of Engineering And Technology,Nan,Nan,Nan
227,DNCC,Dandot Cement Company Limited,Taha Muhammad Naseem,University Of Illinois,Insead,Nan,Nan
228,ALTN,Altern Energy Limited,Umer Shehzad Sheikh,Nan,Nan,Nan,Institute Of Cost And Management Accountants Of Pakistan
229,AMBL,Apna Microfinance Bank Limited,Nazish Ali (Acting),Punjab University,Nan,Nan,Nan
231,EXIDE,Exide Pakistan Limited,Arshad Shehzada,University Of Engineering And Technology,Nan,Nan,Nan
232,AGIL,Agriauto Industries Limited,Fahim Kapadia,"Government College, Southeastern University",Nan,Nan,Nan
233,IBLHL,IBL HealthCare Limited,Sheraz Khan,Punjab University,Lahore University Of Management Sciences,Nan,Nan
234,MFFL,Mitchell's Fruit Farms Limited,Najam Aziz Sethi,Government College,University Of Cambridge,Nan,Nan
235,GTYR,Ghandhara Tyre and Rubber Company Limited,Hussain Kuli Khan,Gettysburg College,Nan,Nan,Nan
237,PICT,Pakistan International Container Terminal Limited,Lirene Mora-Suarez,University Of The Philippines,Nan,Nan,Nan
238,BRRG,BRR Guardian Limited,Ayaz Dawood,Nan,Columbia University,Nan,Nan
239,LOADS,Loads Limited,Muhammad Mohtashim Aftab,Punjab University,Nan,Nan,Institute Of Cost And Management Accountants Of Pakistan
240,STCL,Shabbir Tiles and Ceramics Limited,Syed Masood Abbas Jaffery,Karachi University,Institute Of Business Administration Karachi,Nan,Nan
242,DFML,Dewan Farooque Motors Limited,Waseem-ul-Haque Ansari,Ned University Of Engineering And Technology,Preston University,Nan,Nan
243,SYM,Symmetry Group Limited,Sarocsh Ahmed,Institute Of Business Management Karachi,Institute Of Business Management Karachi,Nan,Nan
244,ADMM,Artistic Denim Mills Limited,Faisal Ahmed,Ohio State University,Nan,Nan,Nan
245,DINT,Din Textile Mills Limited,Shaikh Muhammad Tanveer,Nan,Nan,Nan,Institute Of Chartered Accountants Of Pakistan
248,SPWL,Saif Power Limited,Sohail H Hydari,Nan,Institute Of Business Administration Karachi,Nan,Nan
249,REWM,Reliance Weaving Mills Limited,Faisal Ahmed Mukhtar,Nan,Bahauddin Zakariya University,Nan,Nan
250,OTSU,Otsuka Pakistan Limited,Moin Ur Rehman,Nan,Institute Of Business Administration Karachi,Nan,Nan
252,TELE,Telecard Limited,Syed Aamir Hussain,Southern Arkansas University,National University,Nan,Nan
253,TPLI,TPL Insurance Limited,Muhammad Aminuddin,Nan,Institute Of Business Administration Karachi,Nan,Nan
254,FHAM,First Habib Modaraba,Muhammad Shoaib Ibrahim,Nan,"Institute Of Business Administration Karachi, Centre For Islamic Economics",Nan,Nan
255,UDPL,United Distributors Pakistan Limited,Asmer Baig,National University Of Sciences And Technology,Institute Of Business Administration Karachi,Nan,Nan
260,WAVES,Waves Corporation Limited,Haroon Ahmad Khan,Nan,Nan,Nan,Institute Of Chartered Accountants Of Pakistan
262,AGIC,Askari General Insurance Company Limited,Abdul Waheed,Nan,Punjab University,Nan,Nan
263,KOHE,Kohinoor Energy Limited,M. Zeid Yousuf Saigol,Carnegie Mellon University,Nan,Nan,Nan
267,ECOP,EcoPack Limited,Hussain Jamil,Karachi University,Nan,Nan,Nan
268,FASM,Faisal Spinning Mills Limited,Bilal Sharif,"Regent'S Business School London, American University Of London",Nan,Nan,Nan
269,CTM,Colony Textile Mills Limited,Fareed Mughis Sheikh,University Of Denver,Nan,Nan,Nan
270,IREIT,Image REIT,Anjum Adil,Alma College,Nan,Nan,Nan
272,CENI,Century Insurance Company Limited,Mohammad Hussain Hirji,Depaul University,Depaul University,Nan,Nan
275,TOWL,Towellers Limited,Mehreen Obaid Agha,Mount Holyoke College,Nan,Nan,Nan
276,BERG,Berger Paints Pakistan Limited,Dr. Mahmood Ahmad,Nan,Nan,Nan,Army Medical College
277,KHTC,Khyber Tobacco Company Limited,Samera Irfan Shaikh,Lahore College For Women University,Punjab University,Nan,Nan
278,IML,Imperial Limited,Naveed M. Sheikh,University Of San Francisco,Nan,Nan,Nan
281,MIRKS,Mirpurkhas Sugar Mills Limited,Aslam Faruque,University Of The Pacific,Nan,Nan,Nan
282,MERIT,Merit Packaging Limited,Amir Ahmed Chapra,University Of West Florida,Nan,Nan,Nan
283,BHAT,Bhanero Textile Mills Limited,Khurrum Salim,Government College,Nan,Nan,Nan
284,EMCO,EMCO Industries Limited,Salem Rehman,Purdue University,Insead,Nan,Nan
285,RPL,Roshan Packages Limited,Tayyab Aijaz,Punjab University,Pak-American Institute Of Management Sciences,Nan,Nan
289,CRTM,The Crescent Textile Mills Limited,Ahmad Shafi,"American University, Concordia University",Nan,Nan,Nan
290,BWHL,Baluchistan Wheels Limited,Razak H. M. Bengali,Karachi University,Nan,Nan,Nan
291,UBDL,United Brands Limited,Zubair Razzak Palwala,Nan,Nan,Nan,Institute Of Chartered Accountants Of Pakistan
293,JSIL,JS Investments Limited,Iffat Zehra Mankani,Nan,"Rotman School Of Management, Institute Of Business Administration Karachi",Nan,Nan
294,KHYT,Khyber Textile Mills Limited,Adam Jadoon,University Of Southern California,University Of Peshawar,Nan,Nan
296,ZIL,ZIL Limited,Muhammad Irfan-ul-Haq,University Of Engineering And Technology,London Metropolitan University,Nan,Nan
297,PAKD,Pak Datacom Limited,Ali Saleem Rana (Acting),Nan,Shaheed Zulfikar Ali Bhutto Institute Of Science And Technology,Nan,Nan
298,BAFS,Baba Farid Sugar Mills Limited,Adnan Ahmed Khan,Boston University,Northeastern University,Nan,Nan
299,AATM,Ali Asghar Textile Mills Limited,Nadeem Ellahi Shaikh,Boston University,Nan,Nan,Nan
300,SSOM,S.S. Oil Mills Limited,Shazad Ali Khan,University Of Engineering And Technology,Nan,Nan,Nan
301,KPUS,Khairpur Sugar Mills Limited,Faraz Mubeen Jumani,American Intercontinental University System,Nova Southeastern University,Nan,Nan
302,FRSM,Faran Sugar Mills Limited,Ahmed Ali Muhammad Amin Bawany,University Of Southern California,Nan,Nan,Nan
303,LSEVL,LSE Ventures Limited,Aftab Ahmad Ch.,Nan,Nicholls State University,Nan,Nan
305,TPL,TPL Corp Limited,Muhammad Ali Jameel,London School Of Economics And Political Science,Nan,Nan,Nan
306,ALNRS,Al-Noor Sugar Mills Limited,Noor Muhammad Zakaria,Karachi University,Nan,Nan,Nan
309,ALAC,Askari Life Assurance Company Limited,Jehanzeb Zafar,National University Of Computer And Emerging Sciences,Cass Business School,Nan,Nan
311,GEMBLUEX,Blue-Ex Limited,Imran Baxamoosa,Nan,University Of Toronto,Nan,Nan
314,SGABL,SG Allied Businesses Limited,Sohail Ahmed,Karachi University,Nan,Nan,Nan
316,STPL,Siddiqsons Tin Plate Limited,Muhammad Naeem ul Hasnain Mirza,Ned University Of Engineering And Technology,Nan,Nan,Nan
317,ICIBL,Invest Capital Investment Bank Limited,Muhammad Asif,Punjab University,Nan,Nan,Institute Of Cost And Management Accountants Of Pakistan
318,TRSM,Trust Modaraba,Basheer Ahmed Chowdry,Punjab University,Nan,Nan,Nan
319,MACFL,Macpac Films Limited,Najm-ul- Hassan,Nan,Institute Of Business Administration Karachi,Nan,Nan
321,RICL,Reliance Insurance Company Limited,A. Razzak Ahmed,Nan,Nan,Nan,Chartered Insurance Institute London
322,HICL,Habib Insurance Company Limited,Syed Ather Abbas,Nan,Karachi University,Nan,Nan
324,SCL,Shield Corporation Limited,M. Haroon Qassim,University Of Illinois,Loyola University Of Chicago,Nan,Nan
325,POML,Punjab Oil Mills Limited,Muhammad Ehtisham Khan,Nan,Institute Of Business Administration Karachi,Nan,Nan
326,TPLT,TPL Trakker Limited,Amjad Waqar,Nan,Nan,Nan,"Institute Of Chartered Accountants Of Pakistan, Association Of Chartered Certified Accountants"
327,NONS,Noon Sugar Mills Limited,Lt Col Abdul Khaliq Khan (Retd),Pakistan Military Academy Kakul,Pakistan Military Academy Kakul,Nan,Nan
330,CCM,Crescent Cotton Mills Limited,Abid Mehmood,Nan,Punjab University,Nan,Nan
331,ESBL,Escorts Investment Bank Limited,Basit Rehman Malik,Boston University,Nan,Nan,Nan
333,GEMNETS,Nets International Communication Limited,Mr. Muhammad Nadeem,Dawood University Of Engineering And Technology,Preston University,Nan,Nan
334,UVIC,The Universal Insurance Company Limited,Dr. ShahIn Kuli Khan Khattak,Nan,University Of Peshawar,King'S College London,Nan
335,PMRS,The Premier Sugar Mills & Distillery Company Limited,Abbas Sarfaraz Khan,Boston University,Nan,Nan,Nan
337,ELSM,Ellcot Spinning Mills Limited,Haroon Shahzada Ellahi Shaikh,University Of Manchester,Nan,Nan,Nan
338,FDPL,First Dawood Properties Limited,Muhammad Rizwan ul Haque,Federal College Of Commerce,Institute Of Business Administration Karachi,Nan,Nan
339,TCORP,Tariq Corporation Limited,Mian Mustafa Ali Tariq,University Of California,Nan,Nan,Nan
340,PPP,Pakistan Paper Products Limited,Abid Sayeed,Kenyon College,Nan,Nan,Nan
341,GEMBCEM,Burj Modaraba Management Company (Private) Limited,Nabeel Anjum Malik,Princeton University,Yale University,Nan,Nan
342,NAGC,Nagina Cotton Mills Limited,Amin Ellahi Sheikh,New York University,Nan,Nan,Nan
343,CLVL,Cordoba Logistics & Ventures Limited,Danish Elahi,London School Of Economics And Political Science,Nan,Nan,Nan
345,KOHTM,Kohat Textile Mills Limited,Assad Saifullah Khan,University Of Pennsylvania,College Of Law,Nan,Nan
346,AWTX,Allawasaya Textile & Finishing Mills Limited,Mohammad Alamgir Jmail Khan,Institute Of Management Sciences,Nan,Nan,Nan
347,AMTEX,Amtex Limited,Khurram Iftikhar,Kensington College Of Business,Nan,Nan,Nan
348,BCL,Bolan Castings Limited,Mujtaba Ahmad,Dawood University Of Engineering And Technology,Institute Of Business Administration Karachi,Nan,Nan
349,FCIBL,First Credit and Investment Bank Limited,Muhammad Mohsin Ali,Nan,Nan,Nan,Institute Of Cost And Management Accountants Of Pakistan
350,DSIL,D.S. Industries Limited,Ali Pervez Ahmed,Georgetown University,Nan,Nan,Nan
351,SPL,Sitara Peroxide Limited,Imran Ghafoor,Punjab University,Nan,Nan,Nan
353,ASIC,Asia Insurance Company Limited,Zain ul Haq Qureshi,Imperial College London,University Of Oxford,Nan,Nan
356,PRWM,Prosperity Weaving Mills Limited,Raza Ellahi Shaikh,Columbia College,Nan,Nan,Nan
357,OLPM,OLP Modaraba,Raheel Qamar Ahmad,University Of Engineering And Technology,Illinois Institute Of Technology,Nan,Nan
358,WASL,First Prudential Modaraba,Saif Tariq,Wharton School Of The University Of Pennsylvania,Nan,Nan,Nan
361,ORM,Orient Rental Modaraba,Teizoon Kisat,Nan,Nan,Nan,Institute Of Chartered Accountants Of Pakistan
362,MDTL,Media Times Limited,Shehryar Ali Taseer,Nan,King'S College London,Nan,Nan
364,STL,Supernet Technologies Limited,Waseem Ahmad,Hamdard University,Nan,Nan,Nan
365,ZTL,Zephyr Textiles Limited,Mussaid Hanif,Nan,Lahore University Of Management Sciences,Nan,Nan
368,PHDL,Pakistan Hotels Developers Limited,Muzaffar F. Baweja,Karachi University,Nan,Nan,Nan
369,STJT,Shahtaj Textile Limited,Taqi Mohammad,University Of Engineering And Technology,Nan,Nan,Nan
373,GOC,GOC (Pak) Limited,Khawar Anwar Khawaja,University Of Engineering And Technology,Nan,Nan,Nan
374,PGLC,Pak-Gulf Leasing Company Limited,Mahfuz-ur-Rehman Pasha,University Of Peshawar,Nan,Nan,Nan
375,YOUW,Yousaf Weaving Mills Limited,Khawaja Mohammad Nadeem,Lock Haven University Of Pennsylvania,Nan,Nan,Nan
376,FCEL,First Capital Equities Limited,Shabana Atta,Islamia College For Women,Nan,Nan,Nan
378,FIMM,First Imrooz Modaraba,Naveed Riaz,Nan,Punjab University,Nan,Nan
379,CFL,Crescent Fibres Limited,Imran Maqbool,Nan,"Institute Of Business Administration Karachi, Mit Sloan School Of Management",Nan,Nan
382,LPGL,Leiner Pak Gelatine Limited,Khawaja Imtaiz Ahmed,Punjab University,Nan,Nan,Nan
383,JUBS,Jubilee Spinning & Weaving Mills Limited,Shams Rafi,Lehigh University,Nan,Nan,Nan
384,GAMON,Gammon Pakistan Limited,Khalid Kuli Khan Khattak,Pakistan Military Academy Kakul,Hamdard University,Nan,Nan
385,PASL,Pervez Ahmed Consultancy Services Limited,Ali Pervez Ahmed,Georgetown University,Nan,Nan,Nan
389,SHNI,Shaheen Insurance Company Limited,Rizwan Akhtar,Nan,Institute Of Business Administration Karachi,Nan,Nan
391,SANSM,Sanghar Sugar Mills Limited,Ghulam Hyder,Melbourne Institute Of Technology Pty Ltd.,Nan,Nan,Nan
392,INKL,International Knitwear Limited,Naeem Shafi,Karachi University,Nan,Nan,Nan
393,DBCI,Dadabhoy Cement Industries Limited,Fazal Karim Dadabhoy,Greenwich University,Nan,Nan,Nan
395,JDMT,Janana De Malucho Textile Mills Limited,Ali Kuli Khan Khattak.,Royal Military Academy Sandhurst,Quaid-I-Azam University,Nan,Nan
397,DWSM,Dewan Sugar Mills Limited,Ishtiaq Ahmad,Karachi University,Nan,Nan,Nan
